,0,1,2,3,4,5,6,7,8,9,10,11,12,13,14,15,16,17,18,19,20,21,22,23,24,25,26,27,28,29,30,31,32,33,34,35,36,37,38,39,40,41,42,43,44,45,46,47,48,49
0,-1.0,2.0,2.0,-2.0,-2.0,1.0,0.0,-1.0,-2.0,-1.0,-1.0,-3.0,0.0,0.0,-2.0,-1.0,2.0,-1.0,3.0,0.0,0.0,-2.0,0.0,1.0,0.0,0.0,0.0,3.0,2.0,1.0,1.0,-1.0,3.0,-1.0,1.0,2.0,0.0,-1.0,0.0,2.0,0.0,2.0,-2.0,0.0,-1.0,0.0,0.0,0.0,-2.0,0.0
1,-1.0,0.0,-2.0,-2.0,0.0,0.0,2.0,1.0,1.0,-1.0,-1.0,0.0,0.0,2.0,1.0,0.0,1.0,2.0,-1.0,-2.0,0.0,-1.0,-1.0,0.0,2.0,0.0,-1.0,-1.0,-1.0,0.0,-2.0,1.0,-1.0,-2.0,0.0,0.0,-1.0,1.0,4.0,-2.0,-1.0,0.0,-1.0,-4.0,0.0,0.0,0.0,0.0,1.0,0.0
2,-2.0,1.0,0.0,2.0,0.0,-2.0,1.0,-1.0,-3.0,-2.0,1.0,-1.0,0.0,0.0,-1.0,-2.0,3.0,1.0,-1.0,-1.0,3.0,-3.0,1.0,0.0,0.0,0.0,0.0,2.0,0.0,0.0,-2.0,1.0,1.0,0.0,0.0,2.0,-2.0,2.0,-1.0,2.0,-1.0,0.0,-2.0,0.0,-4.0,2.0,1.0,0.0,-1.0,1.0
3,0.0,-6.0,0.0,1.0,-1.0,-2.0,2.0,1.0,0.0,1.0,-1.0,0.0,0.0,1.0,0.0,-2.0,-1.0,-3.0,2.0,2.0,0.0,-2.0,0.0,0.0,1.0,1.0,0.0,1.0,-1.0,-1.0,0.0,0.0,0.0,0.0,3.0,1.0,1.0,-1.0,0.0,1.0,-1.0,0.0,-1.0,0.0,0.0,-1.0,0.0,1.0,1.0,0.0
4,0.0,0.0,-1.0,0.0,0.0,1.0,-1.0,2.0,0.0,2.0,-1.0,0.0,0.0,0.0,1.0,0.0,-1.0,0.0,1.0,0.0,-1.0,1.0,1.0,0.0,-1.0,0.0,-1.0,3.0,-1.0,1.0,3.0,-1.0,1.0,1.0,0.0,-1.0,0.0,-3.0,0.0,-4.0,-1.0,0.0,-2.0,0.0,-1.0,1.0,1.0,1.0,0.0,2.0
5,0.0,0.0,0.0,2.0,-2.0,0.0,0.0,0.0,-1.0,0.0,0.0,-2.0,0.0,1.0,-1.0,0.0,1.0,1.0,0.0,-1.0,1.0,1.0,1.0,0.0,4.0,3.0,4.0,1.0,0.0,0.0,0.0,3.0,0.0,0.0,0.0,2.0,-1.0,-3.0,-1.0,0.0,-2.0,0.0,1.0,1.0,0.0,1.0,1.0,-1.0,0.0,0.0
6,-1.0,0.0,-2.0,0.0,0.0,0.0,0.0,-2.0,2.0,3.0,0.0,-1.0,-1.0,0.0,0.0,-1.0,0.0,-2.0,1.0,-1.0,-1.0,1.0,3.0,0.0,1.0,-3.0,-1.0,1.0,-1.0,-1.0,-1.0,0.0,0.0,-1.0,5.0,0.0,1.0,1.0,0.0,-1.0,0.0,0.0,-1.0,-2.0,0.0,0.0,-1.0,0.0,0.0,0.0
7,-1.0,2.0,-2.0,0.0,-1.0,-1.0,1.0,1.0,0.0,1.0,1.0,-1.0,1.0,0.0,2.0,-1.0,5.0,2.0,-1.0,0.0,1.0,0.0,-1.0,3.0,0.0,0.0,1.0,3.0,-1.0,0.0,0.0,-1.0,0.0,0.0,2.0,0.0,0.0,0.0,-1.0,-1.0,1.0,-2.0,1.0,1.0,1.0,0.0,-4.0,1.0,0.0,1.0
8,-1.0,-4.0,-2.0,1.0,2.0,-2.0,1.0,-1.0,-1.0,1.0,-4.0,-1.0,-1.0,1.0,2.0,-1.0,2.0,0.0,0.0,0.0,0.0,1.0,0.0,2.0,0.0,2.0,5.0,-1.0,0.0,0.0,1.0,1.0,0.0,0.0,2.0,-3.0,-1.0,5.0,1.0,-2.0,1.0,1.0,0.0,2.0,1.0,2.0,2.0,0.0,-1.0,1.0
9,0.0,0.0,0.0,-1.0,-2.0,-1.0,0.0,-2.0,0.0,0.0,1.0,0.0,0.0,-1.0,1.0,0.0,1.0,-1.0,2.0,-1.0,0.0,1.0,2.0,2.0,0.0,0.0,0.0,2.0,1.0,1.0,0.0,2.0,0.0,1.0,0.0,2.0,1.0,-4.0,0.0,0.0,-1.0,1.0,-2.0,0.0,-2.0,-1.0,0.0,-1.0,-1.0,-2.0
10,1.0,4.0,-1.0,0.0,0.0,1.0,-1.0,4.0,1.0,-1.0,1.0,1.0,0.0,0.0,-2.0,0.0,1.0,-1.0,-2.0,0.0,1.0,0.0,0.0,1.0,-2.0,1.0,1.0,1.0,1.0,2.0,0.0,0.0,-1.0,0.0,1.0,-1.0,1.0,0.0,0.0,-1.0,1.0,-1.0,0.0,0.0,0.0,1.0,0.0,0.0,3.0,0.0
11,-3.0,-1.0,0.0,0.0,-2.0,-1.0,-1.0,0.0,1.0,3.0,0.0,0.0,0.0,-1.0,0.0,1.0,0.0,0.0,-1.0,1.0,0.0,-1.0,0.0,3.0,-1.0,-3.0,-1.0,-1.0,-2.0,0.0,-2.0,-1.0,-2.0,1.0,0.0,1.0,-3.0,2.0,1.0,-1.0,-1.0,0.0,-1.0,1.0,0.0,1.0,1.0,1.0,0.0,0.0
12,1.0,0.0,-1.0,0.0,0.0,-4.0,-1.0,1.0,3.0,1.0,0.0,0.0,0.0,0.0,1.0,0.0,4.0,0.0,1.0,0.0,0.0,1.0,1.0,1.0,-1.0,0.0,-2.0,0.0,-1.0,0.0,0.0,0.0,0.0,0.0,3.0,-2.0,1.0,-2.0,0.0,2.0,0.0,3.0,1.0,-1.0,2.0,0.0,-1.0,-1.0,-2.0,2.0
13,0.0,-1.0,-1.0,2.0,-1.0,-1.0,0.0,-3.0,1.0,2.0,0.0,-1.0,0.0,0.0,-3.0,1.0,0.0,0.0,2.0,0.0,-1.0,0.0,-1.0,1.0,1.0,0.0,-1.0,0.0,3.0,1.0,2.0,-1.0,0.0,0.0,-1.0,0.0,0.0,-2.0,-1.0,0.0,-1.0,0.0,0.0,1.0,-1.0,0.0,4.0,1.0,-1.0,0.0
14,0.0,1.0,0.0,1.0,0.0,0.0,1.0,0.0,3.0,1.0,0.0,-1.0,0.0,-2.0,0.0,1.0,0.0,2.0,5.0,0.0,1.0,0.0,0.0,-2.0,-1.0,2.0,0.0,1.0,0.0,0.0,-1.0,0.0,-3.0,0.0,3.0,0.0,0.0,-2.0,0.0,1.0,0.0,-1.0,0.0,0.0,0.0,1.0,1.0,-1.0,0.0,-3.0
15,0.0,2.0,0.0,0.0,0.0,1.0,-1.0,0.0,0.0,2.0,1.0,0.0,0.0,0.0,-1.0,3.0,0.0,0.0,-2.0,0.0,1.0,1.0,1.0,1.0,0.0,0.0,-1.0,2.0,0.0,1.0,0.0,-1.0,1.0,-1.0,-3.0,0.0,-1.0,-1.0,1.0,1.0,0.0,0.0,0.0,1.0,0.0,0.0,3.0,-1.0,0.0,0.0
16,0.0,-1.0,1.0,1.0,-1.0,-2.0,-1.0,0.0,0.0,0.0,0.0,-1.0,1.0,3.0,1.0,0.0,1.0,0.0,2.0,-1.0,0.0,0.0,2.0,-2.0,1.0,1.0,-4.0,0.0,1.0,0.0,2.0,0.0,1.0,4.0,0.0,0.0,2.0,-2.0,1.0,-1.0,1.0,1.0,-1.0,-1.0,1.0,0.0,-2.0,0.0,0.0,0.0
17,0.0,-1.0,-1.0,3.0,0.0,-1.0,-3.0,-1.0,0.0,0.0,1.0,0.0,-1.0,0.0,1.0,0.0,3.0,0.0,-1.0,0.0,0.0,3.0,2.0,-1.0,-1.0,-2.0,1.0,1.0,1.0,-2.0,-1.0,0.0,0.0,1.0,0.0,1.0,0.0,-1.0,0.0,0.0,1.0,1.0,0.0,0.0,3.0,2.0,6.0,-2.0,0.0,2.0
18,1.0,0.0,3.0,2.0,-1.0,1.0,-2.0,0.0,0.0,6.0,0.0,0.0,2.0,3.0,0.0,0.0,2.0,2.0,6.0,0.0,0.0,1.0,4.0,-2.0,-1.0,0.0,-3.0,1.0,-1.0,0.0,-2.0,0.0,0.0,1.0,4.0,0.0,0.0,-1.0,0.0,2.0,0.0,0.0,1.0,-1.0,-1.0,-1.0,5.0,0.0,1.0,2.0
19,1.0,1.0,1.0,3.0,-1.0,-2.0,-1.0,0.0,0.0,1.0,0.0,0.0,0.0,3.0,0.0,-1.0,2.0,2.0,-2.0,0.0,0.0,2.0,3.0,-1.0,-1.0,0.0,0.0,1.0,0.0,0.0,-3.0,-3.0,0.0,1.0,1.0,-2.0,0.0,0.0,1.0,1.0,-1.0,0.0,3.0,1.0,0.0,-1.0,1.0,0.0,-2.0,1.0
20,0.0,-3.0,-3.0,3.0,0.0,0.0,1.0,-1.0,-1.0,3.0,0.0,0.0,0.0,0.0,0.0,-1.0,0.0,1.0,4.0,0.0,0.0,1.0,2.0,0.0,0.0,2.0,-1.0,0.0,1.0,0.0,2.0,0.0,1.0,2.0,4.0,0.0,-1.0,3.0,0.0,0.0,0.0,1.0,0.0,0.0,-2.0,-1.0,2.0,0.0,0.0,2.0
21,0.0,3.0,1.0,2.0,0.0,0.0,1.0,2.0,0.0,6.0,0.0,-1.0,1.0,0.0,-1.0,0.0,2.0,-4.0,1.0,0.0,0.0,0.0,1.0,1.0,0.0,-1.0,0.0,1.0,0.0,1.0,0.0,0.0,0.0,0.0,2.0,2.0,0.0,2.0,0.0,0.0,-1.0,1.0,0.0,0.0,0.0,0.0,3.0,1.0,0.0,0.0
22,0.0,4.0,0.0,-2.0,0.0,0.0,0.0,2.0,1.0,3.0,1.0,1.0,-1.0,4.0,0.0,4.0,3.0,0.0,1.0,0.0,3.0,0.0,2.0,1.0,0.0,0.0,0.0,-1.0,1.0,2.0,1.0,-1.0,0.0,0.0,1.0,0.0,-2.0,0.0,0.0,-2.0,1.0,0.0,0.0,-1.0,1.0,-2.0,-1.0,1.0,0.0,0.0
23,0.0,-2.0,0.0,1.0,0.0,0.0,0.0,2.0,-1.0,6.0,0.0,0.0,2.0,0.0,1.0,1.0,5.0,-1.0,5.0,4.0,0.0,0.0,2.0,0.0,0.0,1.0,-1.0,2.0,1.0,0.0,0.0,-1.0,0.0,2.0,4.0,0.0,0.0,-1.0,0.0,1.0,1.0,1.0,2.0,0.0,-1.0,0.0,5.0,0.0,0.0,1.0
24,0.0,2.0,0.0,1.0,0.0,-1.0,0.0,-2.0,1.0,4.0,2.0,0.0,0.0,0.0,0.0,0.0,3.0,0.0,5.0,2.0,-1.0,1.0,4.0,0.0,-1.0,0.0,1.0,0.0,0.0,0.0,2.0,-1.0,2.0,-1.0,1.0,1.0,0.0,-1.0,0.0,-1.0,1.0,4.0,1.0,-2.0,0.0,1.0,1.0,0.0,0.0,-1.0
25,0.0,-2.0,0.0,6.0,-2.0,0.0,0.0,1.0,-1.0,0.0,0.0,0.0,0.0,0.0,-2.0,-2.0,3.0,-1.0,0.0,-1.0,0.0,1.0,4.0,-1.0,1.0,-1.0,-4.0,1.0,0.0,1.0,-3.0,0.0,1.0,-1.0,4.0,2.0,2.0,-1.0,1.0,0.0,-2.0,1.0,-1.0,-1.0,-5.0,0.0,7.0,0.0,0.0,5.0
26,1.0,0.0,1.0,-1.0,0.0,1.0,1.0,0.0,4.0,5.0,0.0,0.0,6.0,0.0,1.0,0.0,2.0,0.0,2.0,0.0,0.0,0.0,2.0,-2.0,-1.0,-1.0,0.0,0.0,0.0,1.0,2.0,0.0,-2.0,-1.0,2.0,0.0,0.0,2.0,-1.0,-2.0,1.0,2.0,0.0,0.0,-1.0,1.0,0.0,1.0,-1.0,0.0
27,0.0,0.0,-1.0,-1.0,0.0,0.0,1.0,0.0,0.0,3.0,1.0,0.0,0.0,1.0,0.0,-6.0,0.0,1.0,2.0,3.0,-2.0,0.0,8.0,1.0,1.0,1.0,0.0,0.0,1.0,0.0,1.0,1.0,-1.0,-2.0,1.0,-1.0,-1.0,-4.0,0.0,1.0,0.0,1.0,2.0,0.0,0.0,1.0,2.0,0.0,0.0,6.0
28,0.0,0.0,0.0,1.0,0.0,0.0,2.0,2.0,2.0,7.0,1.0,0.0,-1.0,1.0,-1.0,1.0,6.0,1.0,5.0,4.0,1.0,0.0,6.0,1.0,2.0,1.0,0.0,0.0,0.0,1.0,2.0,0.0,-1.0,0.0,4.0,1.0,0.0,-3.0,-1.0,0.0,0.0,4.0,0.0,0.0,1.0,1.0,8.0,0.0,0.0,-2.0
29,0.0,0.0,0.0,2.0,1.0,0.0,2.0,1.0,4.0,5.0,0.0,-1.0,2.0,1.0,0.0,-2.0,4.0,-1.0,3.0,2.0,1.0,2.0,7.0,5.0,0.0,0.0,1.0,0.0,0.0,0.0,0.0,0.0,1.0,0.0,2.0,0.0,0.0,1.0,0.0,1.0,2.0,3.0,2.0,0.0,2.0,2.0,6.0,0.0,0.0,0.0
30,0.0,0.0,2.0,1.0,2.0,0.0,0.0,1.0,-1.0,0.0,-1.0,1.0,0.0,5.0,0.0,2.0,1.0,-4.0,2.0,1.0,0.0,2.0,7.0,-1.0,0.0,-1.0,0.0,3.0,1.0,1.0,1.0,3.0,1.0,1.0,5.0,-1.0,0.0,-2.0,2.0,0.0,1.0,0.0,0.0,0.0,7.0,2.0,2.0,-1.0,-1.0,1.0
31,-1.0,1.0,-2.0,-1.0,0.0,-1.0,1.0,0.0,-1.0,0.0,0.0,0.0,-1.0,0.0,0.0,1.0,1.0,1.0,1.0,1.0,2.0,3.0,0.0,0.0,0.0,-1.0,-1.0,2.0,-1.0,-1.0,-1.0,1.0,0.0,1.0,3.0,-1.0,0.0,-1.0,-1.0,2.0,-1.0,0.0,1.0,0.0,1.0,0.0,0.0,-1.0,1.0,0.0
32,0.0,0.0,-2.0,0.0,-1.0,0.0,3.0,3.0,0.0,1.0,0.0,1.0,0.0,2.0,0.0,-4.0,1.0,2.0,4.0,1.0,-1.0,0.0,1.0,0.0,1.0,1.0,0.0,0.0,0.0,4.0,0.0,0.0,2.0,0.0,3.0,0.0,0.0,0.0,0.0,1.0,-1.0,2.0,0.0,0.0,-1.0,-1.0,1.0,1.0,0.0,0.0
33,0.0,0.0,0.0,1.0,0.0,0.0,3.0,1.0,0.0,6.0,0.0,0.0,0.0,2.0,1.0,-3.0,0.0,0.0,4.0,2.0,-1.0,0.0,2.0,-1.0,0.0,0.0,-1.0,1.0,1.0,2.0,1.0,0.0,2.0,-1.0,2.0,-1.0,0.0,-3.0,2.0,1.0,0.0,0.0,0.0,0.0,0.0,4.0,4.0,0.0,-2.0,-1.0
34,0.0,1.0,1.0,1.0,0.0,-2.0,1.0,0.0,-1.0,4.0,-2.0,0.0,1.0,5.0,0.0,-2.0,3.0,2.0,9.0,1.0,0.0,2.0,6.0,5.0,0.0,0.0,-1.0,1.0,-1.0,4.0,3.0,0.0,0.0,1.0,3.0,-1.0,1.0,-3.0,0.0,-1.0,0.0,0.0,-2.0,-1.0,1.0,1.0,0.0,2.0,1.0,0.0
35,0.0,-2.0,0.0,2.0,-1.0,0.0,0.0,2.0,3.0,2.0,0.0,0.0,-1.0,-1.0,-2.0,-2.0,2.0,0.0,1.0,1.0,1.0,2.0,0.0,2.0,4.0,3.0,-2.0,0.0,0.0,2.0,0.0,1.0,0.0,0.0,4.0,2.0,0.0,-2.0,0.0,0.0,-2.0,1.0,0.0,0.0,-1.0,0.0,3.0,-2.0,-1.0,3.0
36,1.0,4.0,-5.0,0.0,0.0,1.0,2.0,0.0,2.0,2.0,0.0,2.0,0.0,0.0,-2.0,0.0,1.0,1.0,3.0,3.0,3.0,8.0,3.0,-3.0,1.0,0.0,0.0,2.0,-1.0,2.0,2.0,2.0,2.0,0.0,0.0,0.0,-1.0,-1.0,0.0,0.0,1.0,0.0,0.0,0.0,-1.0,-1.0,5.0,0.0,0.0,2.0
37,2.0,5.0,0.0,1.0,0.0,0.0,4.0,3.0,1.0,5.0,-1.0,-2.0,0.0,7.0,0.0,3.0,0.0,3.0,2.0,4.0,0.0,-1.0,6.0,-1.0,0.0,-1.0,1.0,0.0,0.0,0.0,1.0,2.0,2.0,0.0,3.0,0.0,0.0,1.0,-1.0,1.0,1.0,1.0,0.0,1.0,0.0,0.0,1.0,0.0,0.0,-3.0
38,-1.0,0.0,0.0,0.0,-1.0,-1.0,0.0,1.0,0.0,2.0,0.0,0.0,1.0,0.0,0.0,0.0,5.0,1.0,0.0,1.0,0.0,3.0,5.0,0.0,0.0,0.0,0.0,0.0,1.0,0.0,4.0,1.0,1.0,1.0,0.0,0.0,0.0,5.0,0.0,4.0,0.0,0.0,0.0,1.0,1.0,0.0,4.0,0.0,1.0,0.0
39,0.0,3.0,0.0,0.0,0.0,0.0,-1.0,1.0,0.0,8.0,0.0,0.0,0.0,4.0,0.0,-1.0,2.0,1.0,8.0,4.0,3.0,3.0,9.0,0.0,1.0,0.0,1.0,2.0,0.0,0.0,3.0,3.0,1.0,2.0,2.0,0.0,0.0,2.0,-1.0,-3.0,0.0,2.0,0.0,0.0,2.0,3.0,3.0,1.0,0.0,0.0
40,-1.0,1.0,0.0,1.0,0.0,0.0,-1.0,0.0,-1.0,5.0,0.0,0.0,3.0,3.0,0.0,0.0,3.0,2.0,4.0,4.0,1.0,3.0,5.0,3.0,0.0,-1.0,1.0,0.0,1.0,7.0,3.0,1.0,0.0,-1.0,-1.0,1.0,0.0,-1.0,-1.0,0.0,1.0,2.0,1.0,0.0,1.0,2.0,6.0,1.0,0.0,-1.0
41,0.0,1.0,1.0,3.0,0.0,-2.0,-1.0,-1.0,2.0,1.0,0.0,1.0,0.0,0.0,1.0,0.0,3.0,-1.0,0.0,2.0,1.0,4.0,11.0,0.0,1.0,-2.0,0.0,0.0,-1.0,5.0,2.0,6.0,2.0,1.0,3.0,0.0,0.0,1.0,0.0,2.0,0.0,1.0,1.0,0.0,0.0,1.0,2.0,-2.0,-1.0,1.0
42,2.0,1.0,1.0,1.0,0.0,0.0,4.0,1.0,0.0,2.0,-1.0,0.0,6.0,3.0,1.0,-1.0,1.0,-1.0,7.0,0.0,4.0,6.0,4.0,2.0,2.0,1.0,-2.0,-2.0,0.0,1.0,4.0,2.0,1.0,0.0,6.0,0.0,0.0,-1.0,-1.0,1.0,0.0,1.0,0.0,0.0,2.0,-1.0,2.0,-1.0,-4.0,0.0
43,0.0,1.0,2.0,1.0,0.0,1.0,4.0,6.0,4.0,7.0,2.0,0.0,4.0,2.0,0.0,1.0,3.0,5.0,3.0,0.0,-2.0,2.0,5.0,1.0,-1.0,1.0,-1.0,2.0,0.0,2.0,2.0,2.0,1.0,0.0,2.0,0.0,-1.0,2.0,-1.0,1.0,2.0,0.0,0.0,0.0,0.0,0.0,0.0,2.0,0.0,1.0
44,3.0,0.0,-1.0,1.0,-1.0,0.0,0.0,1.0,2.0,5.0,0.0,1.0,0.0,4.0,1.0,0.0,-1.0,2.0,6.0,3.0,9.0,3.0,3.0,1.0,1.0,-1.0,1.0,3.0,0.0,1.0,6.0,2.0,1.0,-1.0,5.0,0.0,0.0,4.0,0.0,-2.0,0.0,1.0,1.0,0.0,-2.0,-1.0,1.0,0.0,0.0,-2.0
45,0.0,1.0,0.0,4.0,0.0,0.0,1.0,1.0,0.0,9.0,0.0,0.0,1.0,6.0,0.0,0.0,4.0,1.0,2.0,2.0,7.0,2.0,1.0,0.0,3.0,1.0,0.0,2.0,0.0,-1.0,0.0,4.0,6.0,1.0,5.0,0.0,0.0,-2.0,1.0,2.0,0.0,0.0,0.0,-1.0,0.0,0.0,2.0,-2.0,0.0,-1.0
46,0.0,2.0,2.0,1.0,0.0,1.0,3.0,2.0,3.0,8.0,-1.0,1.0,-1.0,1.0,-2.0,0.0,9.0,1.0,2.0,2.0,4.0,4.0,9.0,2.0,3.0,1.0,0.0,0.0,-1.0,-3.0,5.0,2.0,2.0,1.0,3.0,1.0,1.0,0.0,0.0,3.0,0.0,1.0,0.0,0.0,0.0,1.0,6.0,0.0,0.0,-1.0
47,0.0,1.0,0.0,3.0,0.0,0.0,3.0,1.0,-2.0,2.0,0.0,0.0,3.0,1.0,2.0,-1.0,1.0,1.0,6.0,2.0,1.0,4.0,2.0,2.0,0.0,1.0,-3.0,1.0,-1.0,0.0,7.0,1.0,1.0,2.0,3.0,0.0,1.0,1.0,1.0,1.0,0.0,1.0,0.0,0.0,-1.0,1.0,1.0,0.0,0.0,0.0
48,0.0,1.0,0.0,1.0,2.0,0.0,1.0,6.0,0.0,4.0,1.0,0.0,1.0,2.0,-2.0,-2.0,7.0,-1.0,2.0,0.0,4.0,0.0,2.0,-1.0,-2.0,1.0,1.0,2.0,0.0,1.0,1.0,-1.0,2.0,0.0,4.0,-2.0,0.0,0.0,0.0,-4.0,1.0,0.0,0.0,0.0,-1.0,1.0,7.0,1.0,0.0,-2.0
49,1.0,2.0,1.0,0.0,-1.0,0.0,-1.0,1.0,-1.0,2.0,0.0,0.0,1.0,0.0,0.0,1.0,2.0,0.0,-2.0,1.0,1.0,0.0,5.0,0.0,5.0,2.0,0.0,8.0,0.0,-1.0,4.0,1.0,1.0,-3.0,8.0,0.0,0.0,1.0,0.0,0.0,1.0,2.0,2.0,0.0,0.0,0.0,5.0,-1.0,0.0,1.0
50,1.0,0.0,1.0,0.0,-1.0,0.0,3.0,2.0,1.0,3.0,1.0,1.0,3.0,3.0,-1.0,1.0,0.0,1.0,2.0,1.0,-2.0,1.0,1.0,1.0,1.0,-1.0,0.0,0.0,0.0,7.0,0.0,2.0,-1.0,1.0,5.0,0.0,0.0,1.0,0.0,1.0,1.0,1.0,0.0,1.0,1.0,1.0,0.0,0.0,0.0,2.0
51,1.0,2.0,-1.0,1.0,0.0,0.0,3.0,0.0,2.0,0.0,0.0,0.0,4.0,2.0,0.0,0.0,3.0,0.0,1.0,1.0,1.0,0.0,3.0,4.0,-1.0,0.0,0.0,-1.0,0.0,2.0,3.0,5.0,0.0,-3.0,3.0,1.0,0.0,1.0,0.0,-1.0,0.0,0.0,0.0,-1.0,1.0,2.0,2.0,-1.0,0.0,3.0
52,0.0,6.0,3.0,0.0,0.0,0.0,0.0,0.0,5.0,8.0,2.0,1.0,0.0,2.0,2.0,0.0,10.0,-1.0,2.0,1.0,0.0,5.0,2.0,-2.0,1.0,-1.0,-1.0,2.0,1.0,0.0,-1.0,3.0,-1.0,-2.0,3.0,-2.0,-1.0,3.0,-1.0,2.0,1.0,1.0,1.0,-1.0,0.0,0.0,3.0,0.0,1.0,2.0
53,1.0,2.0,0.0,4.0,1.0,1.0,-1.0,3.0,2.0,9.0,0.0,1.0,2.0,1.0,0.0,1.0,9.0,-1.0,4.0,0.0,5.0,3.0,0.0,1.0,3.0,1.0,0.0,2.0,0.0,1.0,4.0,0.0,-2.0,-1.0,6.0,-1.0,-2.0,1.0,-1.0,1.0,1.0,1.0,0.0,1.0,-1.0,0.0,7.0,-1.0,0.0,2.0
54,0.0,6.0,0.0,3.0,0.0,-1.0,1.0,3.0,0.0,7.0,2.0,1.0,3.0,0.0,1.0,0.0,5.0,4.0,0.0,-2.0,2.0,3.0,3.0,5.0,-1.0,-1.0,0.0,0.0,0.0,2.0,1.0,-2.0,2.0,1.0,1.0,1.0,-2.0,2.0,0.0,5.0,0.0,0.0,1.0,0.0,1.0,0.0,7.0,0.0,0.0,2.0
55,1.0,3.0,1.0,2.0,-1.0,-2.0,2.0,5.0,4.0,0.0,0.0,2.0,2.0,1.0,1.0,-1.0,10.0,2.0,1.0,2.0,4.0,0.0,0.0,6.0,5.0,2.0,1.0,0.0,0.0,1.0,5.0,0.0,1.0,-1.0,8.0,0.0,0.0,0.0,0.0,4.0,0.0,0.0,1.0,2.0,2.0,0.0,3.0,-1.0,0.0,-1.0
56,-1.0,1.0,0.0,1.0,2.0,2.0,4.0,0.0,1.0,1.0,0.0,1.0,5.0,2.0,0.0,0.0,3.0,0.0,7.0,3.0,0.0,4.0,5.0,-1.0,6.0,0.0,0.0,0.0,0.0,0.0,1.0,5.0,0.0,-2.0,8.0,1.0,-2.0,0.0,0.0,3.0,1.0,3.0,2.0,0.0,1.0,1.0,8.0,0.0,0.0,2.0
57,2.0,3.0,0.0,0.0,0.0,0.0,0.0,4.0,6.0,6.0,0.0,1.0,1.0,0.0,0.0,1.0,7.0,1.0,4.0,5.0,0.0,4.0,7.0,2.0,0.0,1.0,-1.0,0.0,1.0,0.0,6.0,-1.0,1.0,-1.0,8.0,1.0,-2.0,0.0,0.0,2.0,0.0,0.0,4.0,1.0,3.0,-1.0,4.0,1.0,-1.0,0.0
58,0.0,0.0,0.0,4.0,0.0,0.0,3.0,4.0,4.0,11.0,0.0,2.0,2.0,-1.0,1.0,-1.0,7.0,2.0,6.0,1.0,0.0,0.0,0.0,1.0,1.0,0.0,3.0,1.0,0.0,4.0,8.0,4.0,1.0,1.0,0.0,0.0,1.0,1.0,0.0,0.0,2.0,-1.0,1.0,1.0,0.0,2.0,2.0,1.0,0.0,-3.0
59,-2.0,8.0,0.0,1.0,0.0,-1.0,0.0,2.0,0.0,6.0,0.0,1.0,1.0,2.0,0.0,0.0,7.0,1.0,9.0,0.0,1.0,3.0,0.0,0.0,3.0,3.0,0.0,3.0,1.0,-1.0,3.0,1.0,2.0,0.0,2.0,0.0,2.0,0.0,2.0,1.0,0.0,1.0,0.0,0.0,0.0,1.0,11.0,-3.0,0.0,1.0
60,1.0,1.0,0.0,3.0,0.0,0.0,-1.0,9.0,2.0,2.0,1.0,0.0,3.0,1.0,-1.0,0.0,5.0,1.0,1.0,2.0,1.0,0.0,12.0,1.0,4.0,1.0,0.0,3.0,0.0,3.0,2.0,3.0,3.0,-1.0,2.0,1.0,1.0,-2.0,0.0,3.0,0.0,0.0,6.0,0.0,2.0,2.0,6.0,-3.0,-1.0,0.0
61,0.0,4.0,-1.0,1.0,1.0,0.0,3.0,6.0,6.0,10.0,-1.0,4.0,5.0,5.0,1.0,0.0,2.0,1.0,2.0,4.0,3.0,6.0,2.0,1.0,3.0,4.0,0.0,7.0,2.0,3.0,1.0,3.0,2.0,0.0,7.0,0.0,2.0,1.0,0.0,1.0,1.0,-1.0,2.0,0.0,0.0,1.0,2.0,2.0,0.0,2.0
62,0.0,2.0,-2.0,0.0,1.0,0.0,2.0,3.0,1.0,16.0,0.0,1.0,8.0,7.0,0.0,-1.0,6.0,2.0,4.0,3.0,1.0,4.0,12.0,0.0,1.0,1.0,0.0,2.0,1.0,6.0,0.0,3.0,11.0,-1.0,7.0,0.0,1.0,0.0,0.0,0.0,1.0,4.0,1.0,1.0,0.0,0.0,1.0,1.0,0.0,0.0
63,0.0,0.0,0.0,4.0,0.0,0.0,0.0,0.0,1.0,14.0,1.0,3.0,5.0,2.0,0.0,-2.0,10.0,2.0,0.0,2.0,3.0,3.0,5.0,-1.0,0.0,0.0,0.0,3.0,0.0,2.0,1.0,2.0,5.0,2.0,5.0,0.0,-1.0,0.0,1.0,4.0,0.0,0.0,1.0,-1.0,-1.0,0.0,8.0,-1.0,-1.0,4.0
64,0.0,0.0,0.0,3.0,0.0,0.0,0.0,5.0,1.0,3.0,0.0,1.0,6.0,-1.0,-1.0,2.0,5.0,7.0,4.0,4.0,2.0,9.0,1.0,4.0,7.0,4.0,0.0,1.0,-1.0,4.0,5.0,3.0,3.0,0.0,5.0,-1.0,0.0,0.0,2.0,-1.0,0.0,3.0,1.0,0.0,0.0,1.0,7.0,0.0,1.0,-1.0
65,0.0,1.0,0.0,3.0,3.0,1.0,4.0,6.0,1.0,10.0,0.0,4.0,6.0,5.0,-1.0,1.0,10.0,4.0,3.0,4.0,1.0,2.0,7.0,-3.0,3.0,2.0,2.0,0.0,0.0,3.0,-1.0,0.0,2.0,1.0,1.0,-2.0,-1.0,2.0,1.0,11.0,0.0,5.0,4.0,0.0,1.0,0.0,7.0,-1.0,-1.0,1.0
66,1.0,4.0,0.0,2.0,0.0,0.0,3.0,8.0,2.0,5.0,1.0,0.0,0.0,1.0,0.0,1.0,5.0,2.0,9.0,0.0,1.0,9.0,6.0,1.0,0.0,1.0,0.0,1.0,1.0,3.0,3.0,4.0,3.0,0.0,6.0,1.0,1.0,4.0,-2.0,1.0,-1.0,3.0,4.0,0.0,2.0,2.0,6.0,0.0,0.0,-1.0
67,-1.0,6.0,3.0,1.0,0.0,0.0,5.0,5.0,3.0,16.0,0.0,1.0,6.0,-1.0,-1.0,1.0,6.0,3.0,5.0,7.0,0.0,7.0,9.0,2.0,4.0,0.0,0.0,5.0,0.0,1.0,5.0,1.0,1.0,1.0,0.0,0.0,0.0,4.0,0.0,3.0,0.0,1.0,3.0,-2.0,1.0,1.0,6.0,0.0,-2.0,1.0
68,0.0,0.0,0.0,3.0,-2.0,0.0,-4.0,4.0,-1.0,12.0,0.0,3.0,2.0,0.0,2.0,0.0,14.0,3.0,3.0,2.0,2.0,4.0,4.0,2.0,0.0,0.0,0.0,-1.0,0.0,5.0,6.0,1.0,0.0,1.0,1.0,1.0,0.0,0.0,0.0,0.0,2.0,2.0,2.0,1.0,-1.0,3.0,3.0,0.0,0.0,2.0
69,0.0,1.0,-1.0,4.0,0.0,0.0,1.0,6.0,1.0,9.0,-1.0,2.0,4.0,3.0,0.0,0.0,16.0,0.0,3.0,0.0,5.0,3.0,6.0,-3.0,-1.0,0.0,1.0,0.0,1.0,-3.0,7.0,0.0,2.0,0.0,0.0,0.0,0.0,3.0,-1.0,0.0,2.0,0.0,4.0,0.0,3.0,3.0,8.0,1.0,-1.0,1.0
70,2.0,10.0,0.0,6.0,0.0,0.0,3.0,1.0,0.0,15.0,2.0,3.0,0.0,5.0,1.0,1.0,8.0,1.0,4.0,3.0,1.0,5.0,13.0,3.0,2.0,1.0,0.0,5.0,-1.0,0.0,2.0,0.0,1.0,0.0,10.0,3.0,0.0,0.0,0.0,4.0,0.0,5.0,0.0,0.0,2.0,3.0,5.0,1.0,0.0,1.0
71,0.0,8.0,1.0,5.0,-4.0,0.0,2.0,0.0,1.0,4.0,0.0,-2.0,4.0,3.0,3.0,3.0,13.0,4.0,9.0,4.0,3.0,7.0,3.0,0.0,5.0,2.0,2.0,5.0,2.0,4.0,0.0,1.0,0.0,3.0,8.0,1.0,0.0,1.0,0.0,3.0,2.0,2.0,6.0,0.0,2.0,3.0,11.0,1.0,1.0,-4.0
72,0.0,1.0,0.0,1.0,0.0,1.0,4.0,6.0,4.0,6.0,0.0,1.0,0.0,-1.0,2.0,0.0,5.0,0.0,8.0,0.0,4.0,11.0,3.0,5.0,2.0,3.0,1.0,4.0,1.0,3.0,3.0,-1.0,-1.0,1.0,5.0,0.0,-2.0,2.0,-1.0,0.0,-1.0,3.0,8.0,0.0,0.0,4.0,4.0,0.0,0.0,2.0
73,0.0,4.0,0.0,2.0,0.0,0.0,7.0,7.0,0.0,12.0,0.0,1.0,5.0,7.0,1.0,-1.0,15.0,2.0,9.0,0.0,4.0,5.0,1.0,4.0,5.0,4.0,1.0,6.0,0.0,3.0,8.0,0.0,0.0,1.0,0.0,5.0,0.0,1.0,0.0,0.0,2.0,4.0,1.0,-1.0,0.0,0.0,4.0,0.0,-1.0,0.0
74,2.0,4.0,1.0,2.0,-1.0,0.0,1.0,1.0,8.0,9.0,1.0,4.0,6.0,2.0,2.0,1.0,1.0,4.0,7.0,4.0,6.0,6.0,2.0,1.0,2.0,4.0,0.0,4.0,0.0,2.0,1.0,3.0,2.0,-1.0,4.0,3.0,1.0,1.0,0.0,0.0,0.0,2.0,2.0,2.0,1.0,2.0,3.0,2.0,0.0,1.0
75,2.0,4.0,0.0,5.0,-1.0,-1.0,1.0,4.0,3.0,13.0,5.0,2.0,3.0,3.0,0.0,2.0,15.0,5.0,-1.0,2.0,6.0,4.0,7.0,2.0,1.0,4.0,0.0,-3.0,2.0,6.0,4.0,2.0,-1.0,-1.0,8.0,1.0,0.0,1.0,0.0,2.0,3.0,5.0,5.0,1.0,-1.0,2.0,3.0,0.0,1.0,-1.0
76,0.0,1.0,0.0,6.0,1.0,0.0,0.0,5.0,0.0,8.0,0.0,0.0,2.0,7.0,2.0,-1.0,8.0,2.0,0.0,6.0,5.0,1.0,4.0,-3.0,6.0,1.0,0.0,7.0,1.0,4.0,4.0,1.0,0.0,-1.0,1.0,0.0,0.0,1.0,-1.0,1.0,2.0,2.0,3.0,1.0,0.0,4.0,7.0,-1.0,0.0,2.0
77,1.0,4.0,0.0,2.0,1.0,1.0,4.0,1.0,2.0,6.0,0.0,1.0,4.0,8.0,0.0,1.0,12.0,6.0,8.0,6.0,1.0,7.0,4.0,4.0,2.0,5.0,2.0,8.0,0.0,3.0,3.0,2.0,2.0,7.0,11.0,1.0,0.0,1.0,1.0,1.0,2.0,-1.0,0.0,-1.0,0.0,3.0,6.0,1.0,0.0,-1.0
78,-2.0,9.0,-1.0,1.0,-2.0,1.0,1.0,6.0,3.0,5.0,1.0,0.0,3.0,1.0,1.0,1.0,12.0,2.0,7.0,2.0,4.0,8.0,0.0,3.0,5.0,2.0,0.0,9.0,2.0,1.0,3.0,2.0,3.0,0.0,8.0,1.0,3.0,0.0,0.0,4.0,1.0,4.0,1.0,2.0,-2.0,5.0,5.0,1.0,0.0,0.0
79,1.0,4.0,0.0,5.0,0.0,0.0,3.0,1.0,7.0,3.0,-1.0,4.0,2.0,1.0,3.0,0.0,10.0,0.0,2.0,6.0,4.0,9.0,9.0,2.0,1.0,1.0,1.0,5.0,2.0,3.0,1.0,2.0,5.0,0.0,0.0,0.0,1.0,3.0,0.0,4.0,1.0,1.0,5.0,1.0,1.0,-1.0,11.0,1.0,1.0,2.0
80,6.0,6.0,1.0,5.0,0.0,0.0,1.0,8.0,7.0,11.0,2.0,4.0,4.0,0.0,2.0,-1.0,13.0,-1.0,3.0,9.0,1.0,4.0,9.0,6.0,5.0,6.0,6.0,1.0,0.0,1.0,3.0,2.0,1.0,1.0,8.0,0.0,1.0,2.0,2.0,3.0,0.0,1.0,9.0,0.0,1.0,4.0,4.0,-1.0,-1.0,-1.0
81,5.0,8.0,1.0,3.0,1.0,-3.0,3.0,8.0,1.0,5.0,0.0,1.0,6.0,-1.0,1.0,0.0,14.0,2.0,7.0,6.0,2.0,5.0,8.0,3.0,4.0,-2.0,1.0,8.0,0.0,5.0,4.0,2.0,3.0,4.0,8.0,3.0,0.0,1.0,0.0,4.0,1.0,3.0,5.0,2.0,1.0,6.0,7.0,-3.0,0.0,0.0
82,1.0,3.0,1.0,4.0,1.0,0.0,2.0,4.0,8.0,6.0,-1.0,3.0,9.0,9.0,3.0,1.0,11.0,0.0,12.0,6.0,5.0,9.0,6.0,0.0,-1.0,3.0,0.0,5.0,1.0,4.0,5.0,0.0,2.0,-2.0,8.0,1.0,-1.0,3.0,0.0,1.0,-1.0,4.0,2.0,2.0,0.0,0.0,2.0,0.0,0.0,-1.0
83,1.0,10.0,0.0,3.0,0.0,0.0,0.0,10.0,0.0,8.0,0.0,3.0,6.0,5.0,2.0,2.0,14.0,4.0,6.0,1.0,0.0,6.0,8.0,5.0,3.0,2.0,0.0,6.0,0.0,2.0,2.0,2.0,1.0,2.0,4.0,0.0,1.0,1.0,0.0,3.0,2.0,5.0,4.0,1.0,0.0,-1.0,4.0,1.0,1.0,1.0
84,0.0,3.0,0.0,1.0,-2.0,0.0,1.0,5.0,0.0,15.0,1.0,0.0,7.0,2.0,1.0,3.0,16.0,0.0,4.0,10.0,3.0,9.0,1.0,3.0,6.0,4.0,0.0,2.0,-1.0,2.0,5.0,8.0,7.0,3.0,9.0,0.0,0.0,5.0,0.0,0.0,2.0,4.0,1.0,-2.0,1.0,6.0,-1.0,0.0,-1.0,0.0
85,1.0,1.0,-3.0,2.0,3.0,-1.0,1.0,8.0,6.0,9.0,1.0,3.0,5.0,6.0,0.0,0.0,12.0,2.0,2.0,6.0,0.0,8.0,14.0,1.0,2.0,5.0,1.0,7.0,0.0,1.0,2.0,5.0,3.0,0.0,3.0,0.0,0.0,0.0,0.0,2.0,2.0,0.0,3.0,1.0,-1.0,5.0,9.0,0.0,0.0,1.0
86,0.0,1.0,0.0,7.0,0.0,0.0,4.0,3.0,1.0,8.0,0.0,2.0,0.0,7.0,1.0,0.0,15.0,10.0,7.0,1.0,10.0,5.0,4.0,0.0,2.0,4.0,0.0,1.0,0.0,3.0,2.0,0.0,0.0,5.0,10.0,10.0,1.0,0.0,1.0,2.0,0.0,4.0,3.0,2.0,2.0,1.0,3.0,2.0,-1.0,3.0
87,1.0,3.0,1.0,9.0,1.0,-1.0,3.0,4.0,1.0,15.0,2.0,1.0,5.0,6.0,0.0,0.0,9.0,4.0,2.0,10.0,7.0,9.0,9.0,3.0,2.0,0.0,1.0,6.0,1.0,10.0,0.0,3.0,1.0,1.0,2.0,2.0,-3.0,6.0,0.0,1.0,0.0,2.0,9.0,1.0,8.0,0.0,7.0,1.0,0.0,0.0
88,2.0,6.0,-4.0,6.0,0.0,-1.0,2.0,13.0,2.0,5.0,2.0,0.0,2.0,-1.0,0.0,-1.0,5.0,5.0,1.0,6.0,15.0,5.0,2.0,0.0,7.0,9.0,1.0,0.0,-1.0,2.0,3.0,8.0,4.0,2.0,13.0,2.0,0.0,0.0,1.0,2.0,1.0,3.0,0.0,0.0,2.0,1.0,1.0,0.0,0.0,0.0
89,3.0,1.0,1.0,2.0,0.0,0.0,3.0,12.0,5.0,8.0,1.0,1.0,15.0,2.0,2.0,0.0,8.0,6.0,1.0,4.0,11.0,8.0,4.0,6.0,4.0,5.0,0.0,1.0,-1.0,0.0,1.0,1.0,5.0,3.0,2.0,5.0,1.0,4.0,0.0,1.0,1.0,5.0,2.0,0.0,2.0,1.0,11.0,-1.0,0.0,0.0
90,0.0,4.0,0.0,7.0,1.0,1.0,0.0,8.0,0.0,6.0,1.0,0.0,2.0,0.0,5.0,2.0,15.0,3.0,7.0,7.0,10.0,9.0,0.0,2.0,1.0,0.0,3.0,8.0,0.0,3.0,0.0,2.0,6.0,4.0,-1.0,4.0,-1.0,2.0,0.0,1.0,0.0,0.0,10.0,0.0,2.0,0.0,12.0,1.0,0.0,1.0
91,1.0,4.0,1.0,1.0,2.0,0.0,4.0,7.0,7.0,13.0,0.0,0.0,4.0,5.0,1.0,5.0,7.0,4.0,9.0,2.0,4.0,9.0,4.0,3.0,9.0,2.0,0.0,9.0,1.0,7.0,2.0,0.0,0.0,2.0,7.0,2.0,-1.0,2.0,1.0,3.0,-1.0,1.0,4.0,2.0,0.0,0.0,11.0,0.0,2.0,-1.0
92,4.0,4.0,0.0,8.0,1.0,1.0,4.0,4.0,4.0,12.0,2.0,1.0,1.0,2.0,4.0,0.0,10.0,5.0,11.0,8.0,4.0,9.0,2.0,4.0,9.0,5.0,5.0,5.0,-1.0,3.0,3.0,0.0,0.0,0.0,2.0,1.0,-2.0,2.0,0.0,0.0,3.0,3.0,5.0,3.0,5.0,10.0,6.0,-1.0,0.0,1.0
93,5.0,6.0,1.0,7.0,0.0,0.0,0.0,1.0,4.0,13.0,0.0,0.0,12.0,7.0,2.0,2.0,7.0,5.0,3.0,4.0,1.0,4.0,2.0,1.0,1.0,0.0,2.0,5.0,2.0,4.0,7.0,1.0,5.0,6.0,11.0,3.0,-1.0,0.0,0.0,2.0,3.0,4.0,0.0,-3.0,-1.0,4.0,8.0,5.0,-1.0,-1.0
94,1.0,5.0,1.0,1.0,0.0,0.0,6.0,4.0,3.0,11.0,1.0,1.0,5.0,0.0,2.0,6.0,8.0,2.0,4.0,1.0,8.0,8.0,3.0,5.0,3.0,3.0,1.0,6.0,0.0,0.0,1.0,-1.0,1.0,0.0,11.0,0.0,-1.0,2.0,0.0,5.0,1.0,3.0,4.0,2.0,0.0,1.0,9.0,2.0,0.0,-1.0
95,1.0,10.0,-1.0,5.0,1.0,2.0,0.0,7.0,3.0,2.0,0.0,7.0,6.0,5.0,4.0,0.0,13.0,5.0,3.0,5.0,14.0,1.0,9.0,5.0,6.0,3.0,5.0,6.0,0.0,3.0,2.0,2.0,2.0,3.0,11.0,1.0,0.0,2.0,0.0,1.0,1.0,1.0,5.0,1.0,-1.0,3.0,8.0,1.0,0.0,-1.0
96,1.0,-1.0,0.0,10.0,1.0,0.0,2.0,9.0,5.0,11.0,1.0,0.0,4.0,6.0,3.0,0.0,15.0,1.0,5.0,6.0,5.0,6.0,3.0,3.0,4.0,2.0,0.0,0.0,-1.0,0.0,6.0,6.0,0.0,7.0,6.0,2.0,0.0,1.0,0.0,7.0,1.0,3.0,8.0,3.0,4.0,1.0,5.0,0.0,0.0,3.0
97,1.0,7.0,1.0,0.0,0.0,-1.0,2.0,2.0,6.0,16.0,1.0,6.0,4.0,5.0,3.0,0.0,7.0,2.0,14.0,11.0,-1.0,10.0,2.0,1.0,4.0,10.0,0.0,12.0,0.0,2.0,3.0,2.0,2.0,4.0,12.0,5.0,1.0,-1.0,2.0,8.0,2.0,0.0,8.0,5.0,1.0,3.0,7.0,3.0,0.0,0.0
98,3.0,13.0,-2.0,6.0,1.0,-1.0,5.0,6.0,4.0,13.0,-1.0,1.0,9.0,6.0,2.0,3.0,10.0,2.0,5.0,2.0,1.0,4.0,11.0,3.0,3.0,2.0,1.0,0.0,0.0,2.0,3.0,2.0,8.0,4.0,6.0,6.0,1.0,0.0,1.0,5.0,1.0,4.0,10.0,0.0,2.0,3.0,4.0,-1.0,0.0,-1.0
99,0.0,4.0,-2.0,7.0,0.0,3.0,6.0,2.0,4.0,11.0,0.0,7.0,13.0,2.0,2.0,-1.0,10.0,4.0,6.0,6.0,9.0,7.0,3.0,1.0,3.0,4.0,2.0,12.0,1.0,2.0,3.0,2.0,5.0,0.0,13.0,4.0,0.0,1.0,1.0,3.0,4.0,2.0,10.0,0.0,0.0,3.0,10.0,3.0,0.0,-1.0
100,1.0,1.0,0.0,2.0,1.0,-1.0,1.0,12.0,3.0,1.0,-1.0,1.0,0.0,1.0,2.0,5.0,16.0,6.0,5.0,15.0,3.0,10.0,5.0,3.0,1.0,6.0,6.0,3.0,2.0,4.0,1.0,1.0,10.0,2.0,8.0,2.0,-1.0,3.0,1.0,1.0,0.0,4.0,6.0,2.0,3.0,2.0,7.0,3.0,1.0,0.0
101,0.0,1.0,0.0,2.0,-1.0,0.0,6.0,9.0,4.0,19.0,1.0,0.0,12.0,3.0,0.0,1.0,5.0,6.0,12.0,4.0,15.0,5.0,6.0,8.0,3.0,3.0,0.0,4.0,0.0,-1.0,6.0,5.0,5.0,6.0,1.0,5.0,1.0,0.0,0.0,2.0,5.0,1.0,5.0,4.0,2.0,4.0,12.0,0.0,0.0,2.0
102,0.0,7.0,-2.0,1.0,-1.0,1.0,-1.0,10.0,3.0,16.0,0.0,-1.0,7.0,7.0,5.0,0.0,10.0,8.0,15.0,8.0,13.0,12.0,10.0,10.0,-1.0,2.0,6.0,11.0,0.0,0.0,4.0,1.0,0.0,1.0,3.0,3.0,-1.0,4.0,1.0,2.0,1.0,2.0,6.0,0.0,0.0,2.0,7.0,-1.0,0.0,1.0
103,3.0,7.0,0.0,13.0,2.0,1.0,4.0,0.0,0.0,9.0,0.0,1.0,7.0,2.0,8.0,4.0,14.0,0.0,7.0,-1.0,3.0,1.0,15.0,4.0,2.0,1.0,2.0,9.0,0.0,5.0,4.0,0.0,6.0,-1.0,4.0,4.0,-1.0,6.0,0.0,2.0,2.0,3.0,-1.0,0.0,2.0,5.0,10.0,3.0,-1.0,0.0
104,6.0,14.0,0.0,11.0,1.0,1.0,3.0,8.0,0.0,1.0,1.0,1.0,7.0,2.0,1.0,-1.0,8.0,0.0,6.0,1.0,7.0,10.0,2.0,4.0,2.0,1.0,8.0,3.0,-1.0,1.0,8.0,1.0,7.0,5.0,3.0,4.0,-1.0,0.0,-1.0,2.0,1.0,1.0,10.0,3.0,0.0,2.0,15.0,3.0,0.0,1.0
105,0.0,3.0,-1.0,7.0,0.0,1.0,3.0,7.0,10.0,12.0,-1.0,0.0,4.0,6.0,4.0,1.0,7.0,0.0,12.0,15.0,4.0,6.0,8.0,3.0,2.0,0.0,8.0,14.0,1.0,4.0,6.0,2.0,7.0,2.0,10.0,3.0,0.0,6.0,2.0,1.0,2.0,0.0,8.0,2.0,-1.0,6.0,11.0,2.0,2.0,-1.0
106,0.0,8.0,0.0,5.0,0.0,0.0,3.0,1.0,9.0,0.0,2.0,3.0,1.0,4.0,1.0,2.0,10.0,9.0,7.0,0.0,11.0,10.0,15.0,6.0,1.0,7.0,7.0,0.0,0.0,1.0,4.0,0.0,11.0,5.0,12.0,4.0,0.0,11.0,2.0,9.0,0.0,-1.0,0.0,0.0,2.0,4.0,7.0,1.0,1.0,1.0
107,6.0,3.0,0.0,4.0,1.0,-1.0,3.0,9.0,10.0,17.0,1.0,3.0,6.0,10.0,4.0,5.0,13.0,7.0,12.0,7.0,1.0,7.0,11.0,6.0,9.0,8.0,2.0,5.0,1.0,2.0,3.0,2.0,8.0,6.0,13.0,2.0,-2.0,0.0,0.0,5.0,0.0,4.0,9.0,0.0,-1.0,0.0,9.0,4.0,0.0,0.0
108,3.0,7.0,0.0,2.0,-1.0,0.0,15.0,5.0,7.0,14.0,1.0,1.0,-1.0,0.0,0.0,2.0,15.0,3.0,1.0,8.0,9.0,4.0,6.0,1.0,8.0,0.0,6.0,5.0,0.0,3.0,6.0,3.0,8.0,4.0,16.0,5.0,0.0,4.0,0.0,0.0,1.0,7.0,1.0,1.0,0.0,2.0,5.0,1.0,1.0,0.0
109,0.0,9.0,-1.0,15.0,-2.0,-1.0,1.0,6.0,8.0,2.0,-2.0,3.0,2.0,12.0,13.0,2.0,8.0,3.0,11.0,14.0,12.0,4.0,15.0,5.0,0.0,2.0,1.0,12.0,-1.0,8.0,10.0,3.0,4.0,5.0,4.0,3.0,0.0,4.0,1.0,8.0,2.0,0.0,11.0,7.0,1.0,7.0,6.0,0.0,0.0,1.0
110,0.0,6.0,-1.0,9.0,4.0,1.0,7.0,5.0,7.0,10.0,0.0,6.0,3.0,2.0,0.0,4.0,19.0,3.0,7.0,11.0,6.0,10.0,8.0,8.0,0.0,1.0,0.0,8.0,0.0,5.0,12.0,-1.0,16.0,3.0,4.0,5.0,1.0,4.0,1.0,7.0,3.0,3.0,5.0,2.0,-1.0,1.0,12.0,3.0,1.0,2.0
111,1.0,8.0,0.0,5.0,-1.0,0.0,5.0,10.0,13.0,8.0,2.0,0.0,5.0,5.0,3.0,2.0,12.0,2.0,8.0,7.0,1.0,5.0,8.0,-2.0,6.0,0.0,7.0,1.0,1.0,2.0,5.0,1.0,6.0,1.0,14.0,4.0,1.0,6.0,3.0,7.0,2.0,6.0,4.0,-1.0,0.0,7.0,9.0,0.0,0.0,2.0
112,4.0,5.0,1.0,8.0,2.0,1.0,1.0,13.0,4.0,10.0,2.0,4.0,12.0,1.0,6.0,8.0,8.0,0.0,1.0,11.0,6.0,15.0,14.0,4.0,3.0,3.0,1.0,9.0,0.0,3.0,9.0,2.0,11.0,6.0,10.0,5.0,0.0,0.0,0.0,7.0,-1.0,3.0,8.0,1.0,1.0,8.0,16.0,2.0,2.0,3.0
113,7.0,4.0,2.0,4.0,2.0,-1.0,-1.0,4.0,8.0,2.0,0.0,-1.0,6.0,12.0,5.0,2.0,10.0,4.0,8.0,0.0,13.0,2.0,12.0,6.0,2.0,1.0,-1.0,9.0,1.0,10.0,10.0,4.0,7.0,1.0,10.0,8.0,0.0,4.0,6.0,4.0,0.0,3.0,8.0,0.0,6.0,8.0,16.0,1.0,1.0,0.0
114,3.0,6.0,0.0,7.0,2.0,1.0,0.0,12.0,1.0,8.0,0.0,0.0,10.0,-1.0,3.0,8.0,11.0,3.0,10.0,9.0,6.0,8.0,6.0,6.0,6.0,9.0,1.0,6.0,0.0,9.0,3.0,1.0,5.0,2.0,6.0,5.0,-2.0,5.0,1.0,0.0,5.0,2.0,8.0,9.0,4.0,1.0,8.0,-2.0,0.0,0.0
115,5.0,5.0,0.0,8.0,5.0,3.0,0.0,5.0,2.0,6.0,4.0,8.0,11.0,5.0,8.0,1.0,12.0,8.0,5.0,6.0,7.0,5.0,7.0,8.0,13.0,3.0,4.0,10.0,1.0,4.0,11.0,3.0,6.0,2.0,10.0,4.0,1.0,2.0,-1.0,8.0,1.0,0.0,6.0,3.0,2.0,8.0,15.0,1.0,0.0,5.0
116,2.0,6.0,2.0,7.0,6.0,0.0,3.0,17.0,10.0,12.0,0.0,4.0,9.0,2.0,7.0,4.0,13.0,7.0,9.0,2.0,6.0,9.0,7.0,6.0,3.0,1.0,4.0,6.0,-1.0,2.0,8.0,2.0,15.0,2.0,12.0,3.0,0.0,4.0,-4.0,2.0,4.0,4.0,6.0,1.0,3.0,4.0,10.0,1.0,1.0,0.0
117,5.0,3.0,1.0,3.0,5.0,0.0,6.0,1.0,10.0,10.0,-2.0,0.0,7.0,1.0,2.0,2.0,9.0,3.0,3.0,5.0,12.0,11.0,14.0,5.0,9.0,3.0,6.0,10.0,-1.0,1.0,10.0,1.0,11.0,3.0,6.0,0.0,0.0,3.0,0.0,10.0,1.0,5.0,4.0,2.0,2.0,4.0,6.0,7.0,0.0,0.0
118,2.0,8.0,0.0,5.0,4.0,-2.0,8.0,10.0,9.0,1.0,-1.0,2.0,11.0,3.0,9.0,2.0,13.0,0.0,11.0,2.0,3.0,9.0,7.0,12.0,8.0,3.0,2.0,4.0,0.0,3.0,8.0,0.0,10.0,1.0,1.0,0.0,-1.0,4.0,1.0,3.0,0.0,7.0,11.0,5.0,-1.0,4.0,4.0,2.0,0.0,1.0
119,2.0,4.0,1.0,12.0,4.0,2.0,7.0,11.0,0.0,12.0,1.0,4.0,8.0,7.0,7.0,5.0,12.0,11.0,8.0,8.0,10.0,0.0,13.0,9.0,13.0,4.0,5.0,0.0,2.0,14.0,3.0,2.0,5.0,3.0,4.0,7.0,0.0,5.0,-1.0,3.0,7.0,4.0,8.0,2.0,4.0,7.0,10.0,5.0,0.0,5.0
120,11.0,12.0,-1.0,6.0,4.0,1.0,4.0,5.0,7.0,13.0,1.0,2.0,4.0,9.0,3.0,2.0,12.0,6.0,10.0,8.0,13.0,7.0,6.0,12.0,0.0,4.0,6.0,9.0,0.0,2.0,6.0,3.0,0.0,0.0,11.0,0.0,0.0,0.0,1.0,8.0,1.0,3.0,7.0,-2.0,5.0,1.0,3.0,1.0,1.0,3.0
121,3.0,6.0,1.0,13.0,0.0,-1.0,2.0,7.0,8.0,2.0,-2.0,2.0,12.0,4.0,2.0,2.0,10.0,7.0,8.0,5.0,7.0,10.0,6.0,8.0,2.0,0.0,0.0,3.0,1.0,5.0,8.0,6.0,3.0,2.0,9.0,5.0,0.0,1.0,1.0,-1.0,7.0,1.0,12.0,3.0,2.0,0.0,6.0,5.0,1.0,-1.0
122,2.0,9.0,1.0,10.0,8.0,0.0,9.0,11.0,2.0,9.0,0.0,5.0,8.0,0.0,2.0,5.0,13.0,1.0,8.0,7.0,11.0,4.0,16.0,11.0,3.0,1.0,9.0,11.0,-1.0,12.0,4.0,4.0,6.0,1.0,7.0,2.0,0.0,2.0,0.0,7.0,1.0,2.0,10.0,7.0,6.0,0.0,13.0,1.0,-1.0,2.0
123,3.0,14.0,2.0,12.0,6.0,2.0,2.0,11.0,5.0,7.0,3.0,0.0,8.0,4.0,8.0,0.0,7.0,5.0,7.0,9.0,15.0,7.0,5.0,5.0,7.0,5.0,0.0,0.0,-1.0,5.0,11.0,6.0,11.0,2.0,12.0,3.0,0.0,2.0,0.0,11.0,2.0,7.0,9.0,2.0,3.0,8.0,14.0,4.0,1.0,1.0
124,2.0,5.0,0.0,9.0,3.0,0.0,5.0,9.0,2.0,8.0,0.0,8.0,11.0,3.0,1.0,4.0,9.0,7.0,12.0,8.0,10.0,8.0,14.0,4.0,9.0,8.0,6.0,11.0,0.0,3.0,12.0,3.0,5.0,3.0,3.0,3.0,0.0,4.0,0.0,8.0,1.0,7.0,8.0,4.0,3.0,6.0,15.0,0.0,0.0,2.0
125,4.0,7.0,1.0,4.0,0.0,0.0,10.0,9.0,11.0,5.0,1.0,6.0,1.0,0.0,1.0,8.0,16.0,8.0,7.0,10.0,9.0,1.0,3.0,8.0,13.0,3.0,0.0,11.0,-2.0,7.0,8.0,2.0,2.0,2.0,10.0,7.0,0.0,4.0,-2.0,2.0,1.0,4.0,8.0,3.0,0.0,8.0,4.0,6.0,0.0,3.0
126,3.0,8.0,0.0,12.0,1.0,0.0,7.0,16.0,4.0,12.0,4.0,-1.0,15.0,-1.0,6.0,5.0,8.0,11.0,15.0,6.0,11.0,6.0,12.0,5.0,0.0,3.0,4.0,7.0,1.0,7.0,12.0,0.0,3.0,2.0,5.0,-1.0,-1.0,7.0,1.0,10.0,3.0,6.0,4.0,0.0,4.0,5.0,13.0,2.0,-1.0,2.0
127,-1.0,5.0,0.0,9.0,2.0,1.0,8.0,5.0,8.0,3.0,1.0,3.0,15.0,5.0,6.0,3.0,11.0,11.0,8.0,7.0,4.0,4.0,5.0,9.0,1.0,3.0,7.0,1.0,1.0,4.0,5.0,2.0,18.0,5.0,11.0,9.0,0.0,6.0,1.0,14.0,1.0,7.0,11.0,6.0,0.0,9.0,11.0,3.0,0.0,3.0
128,3.0,13.0,2.0,5.0,6.0,0.0,8.0,11.0,4.0,1.0,2.0,0.0,7.0,13.0,12.0,4.0,10.0,3.0,5.0,12.0,17.0,8.0,14.0,2.0,5.0,5.0,7.0,1.0,0.0,0.0,6.0,3.0,4.0,3.0,8.0,0.0,0.0,-1.0,-1.0,5.0,3.0,4.0,8.0,10.0,7.0,13.0,12.0,3.0,0.0,3.0
129,2.0,9.0,-1.0,5.0,3.0,0.0,5.0,7.0,0.0,2.0,0.0,0.0,10.0,4.0,2.0,2.0,15.0,10.0,2.0,4.0,13.0,1.0,14.0,8.0,3.0,7.0,6.0,5.0,-1.0,5.0,11.0,0.0,5.0,8.0,11.0,4.0,-1.0,3.0,0.0,4.0,9.0,2.0,10.0,7.0,3.0,6.0,9.0,1.0,0.0,0.0
130,12.0,4.0,0.0,3.0,4.0,-2.0,1.0,3.0,5.0,12.0,1.0,9.0,9.0,1.0,6.0,2.0,13.0,1.0,1.0,13.0,1.0,1.0,8.0,14.0,0.0,8.0,2.0,11.0,2.0,14.0,10.0,4.0,8.0,1.0,6.0,4.0,0.0,1.0,-1.0,1.0,3.0,0.0,0.0,0.0,0.0,7.0,9.0,0.0,0.0,3.0
131,10.0,2.0,0.0,3.0,6.0,-1.0,7.0,1.0,4.0,10.0,-1.0,1.0,9.0,9.0,5.0,2.0,14.0,5.0,6.0,10.0,11.0,7.0,7.0,7.0,8.0,12.0,4.0,6.0,-1.0,2.0,7.0,3.0,6.0,4.0,16.0,5.0,0.0,10.0,2.0,7.0,6.0,1.0,13.0,7.0,2.0,5.0,13.0,2.0,1.0,2.0
132,10.0,13.0,2.0,7.0,6.0,-1.0,12.0,12.0,0.0,17.0,-2.0,1.0,8.0,6.0,9.0,2.0,15.0,11.0,5.0,9.0,7.0,12.0,6.0,10.0,2.0,13.0,1.0,5.0,0.0,5.0,12.0,0.0,-1.0,10.0,13.0,7.0,0.0,10.0,1.0,7.0,0.0,14.0,5.0,3.0,3.0,10.0,12.0,2.0,0.0,-1.0
133,3.0,8.0,0.0,16.0,2.0,0.0,6.0,9.0,8.0,15.0,5.0,-1.0,11.0,7.0,6.0,3.0,10.0,7.0,2.0,8.0,9.0,4.0,11.0,5.0,2.0,5.0,5.0,2.0,-1.0,0.0,10.0,3.0,6.0,4.0,0.0,7.0,0.0,12.0,0.0,8.0,8.0,4.0,10.0,3.0,1.0,5.0,20.0,5.0,-1.0,0.0
134,4.0,10.0,1.0,5.0,5.0,1.0,2.0,-1.0,3.0,18.0,2.0,0.0,8.0,5.0,8.0,-2.0,10.0,6.0,10.0,9.0,16.0,4.0,13.0,10.0,8.0,10.0,0.0,8.0,-2.0,5.0,12.0,-2.0,7.0,1.0,7.0,6.0,0.0,1.0,-1.0,3.0,1.0,8.0,10.0,5.0,3.0,7.0,2.0,3.0,-1.0,-1.0
135,1.0,18.0,0.0,1.0,6.0,2.0,7.0,8.0,3.0,10.0,1.0,3.0,11.0,3.0,4.0,8.0,11.0,5.0,10.0,10.0,11.0,5.0,5.0,10.0,8.0,5.0,4.0,11.0,0.0,9.0,11.0,4.0,9.0,5.0,7.0,2.0,-1.0,1.0,0.0,3.0,3.0,3.0,9.0,1.0,0.0,6.0,4.0,1.0,1.0,1.0
136,5.0,5.0,4.0,8.0,5.0,2.0,10.0,8.0,12.0,8.0,0.0,5.0,16.0,5.0,9.0,4.0,10.0,10.0,9.0,9.0,11.0,16.0,7.0,10.0,3.0,5.0,5.0,6.0,1.0,5.0,4.0,0.0,8.0,5.0,10.0,10.0,-1.0,10.0,-2.0,4.0,3.0,4.0,3.0,3.0,0.0,13.0,12.0,4.0,0.0,1.0
137,1.0,7.0,1.0,7.0,5.0,0.0,6.0,6.0,14.0,8.0,1.0,3.0,5.0,0.0,7.0,7.0,2.0,10.0,0.0,4.0,17.0,9.0,12.0,6.0,5.0,8.0,7.0,18.0,0.0,2.0,11.0,4.0,10.0,3.0,4.0,3.0,0.0,8.0,1.0,12.0,1.0,5.0,6.0,0.0,5.0,11.0,14.0,3.0,2.0,-1.0
138,5.0,1.0,0.0,11.0,5.0,-1.0,6.0,9.0,5.0,13.0,-2.0,5.0,14.0,13.0,4.0,5.0,10.0,5.0,5.0,6.0,9.0,15.0,0.0,5.0,6.0,11.0,9.0,13.0,1.0,10.0,2.0,8.0,7.0,2.0,15.0,3.0,-1.0,6.0,2.0,11.0,2.0,1.0,13.0,4.0,0.0,13.0,12.0,2.0,1.0,4.0
139,3.0,7.0,0.0,5.0,7.0,3.0,2.0,2.0,3.0,10.0,3.0,0.0,11.0,2.0,8.0,4.0,9.0,3.0,15.0,9.0,12.0,6.0,10.0,8.0,2.0,7.0,2.0,3.0,0.0,12.0,11.0,2.0,0.0,0.0,12.0,3.0,-3.0,10.0,1.0,4.0,7.0,1.0,7.0,1.0,4.0,15.0,13.0,6.0,0.0,4.0
140,3.0,12.0,0.0,11.0,6.0,-1.0,6.0,9.0,0.0,12.0,1.0,1.0,11.0,3.0,6.0,5.0,13.0,2.0,11.0,11.0,14.0,14.0,9.0,2.0,10.0,1.0,5.0,12.0,2.0,14.0,7.0,2.0,6.0,0.0,2.0,3.0,-2.0,5.0,0.0,3.0,3.0,8.0,12.0,5.0,4.0,9.0,13.0,5.0,0.0,1.0
141,6.0,14.0,1.0,13.0,2.0,0.0,0.0,3.0,1.0,8.0,-1.0,1.0,15.0,0.0,3.0,3.0,12.0,6.0,0.0,10.0,14.0,7.0,10.0,9.0,7.0,4.0,6.0,1.0,-1.0,11.0,15.0,4.0,7.0,1.0,11.0,6.0,-1.0,3.0,0.0,4.0,2.0,5.0,12.0,0.0,1.0,1.0,18.0,4.0,1.0,1.0
142,5.0,8.0,3.0,3.0,8.0,5.0,5.0,11.0,12.0,13.0,1.0,5.0,17.0,7.0,0.0,-1.0,6.0,0.0,4.0,10.0,7.0,7.0,6.0,10.0,1.0,1.0,1.0,5.0,0.0,10.0,14.0,2.0,3.0,1.0,9.0,1.0,-1.0,13.0,0.0,11.0,2.0,9.0,15.0,6.0,6.0,1.0,14.0,1.0,1.0,4.0
143,2.0,4.0,2.0,3.0,2.0,1.0,8.0,4.0,2.0,12.0,0.0,4.0,8.0,14.0,4.0,5.0,11.0,7.0,13.0,8.0,12.0,14.0,3.0,0.0,0.0,9.0,12.0,0.0,0.0,2.0,14.0,5.0,16.0,2.0,10.0,7.0,0.0,3.0,-1.0,1.0,3.0,16.0,0.0,7.0,2.0,7.0,17.0,1.0,0.0,2.0
144,8.0,9.0,3.0,10.0,1.0,-2.0,8.0,7.0,8.0,11.0,2.0,1.0,7.0,6.0,6.0,7.0,19.0,7.0,13.0,4.0,13.0,5.0,2.0,4.0,2.0,10.0,2.0,2.0,1.0,11.0,7.0,3.0,4.0,6.0,14.0,12.0,0.0,4.0,-2.0,7.0,3.0,13.0,9.0,7.0,4.0,7.0,5.0,0.0,0.0,3.0
145,4.0,0.0,2.0,9.0,1.0,0.0,11.0,12.0,1.0,17.0,1.0,3.0,10.0,5.0,3.0,4.0,11.0,12.0,4.0,7.0,3.0,17.0,9.0,7.0,-1.0,14.0,1.0,8.0,1.0,12.0,0.0,4.0,10.0,3.0,9.0,6.0,0.0,16.0,0.0,7.0,1.0,3.0,11.0,5.0,4.0,6.0,7.0,3.0,1.0,2.0
146,13.0,10.0,0.0,13.0,14.0,-1.0,10.0,13.0,11.0,11.0,4.0,2.0,10.0,7.0,15.0,2.0,13.0,11.0,13.0,10.0,6.0,5.0,4.0,9.0,10.0,1.0,5.0,13.0,0.0,5.0,10.0,1.0,8.0,10.0,10.0,2.0,0.0,9.0,0.0,1.0,1.0,5.0,9.0,5.0,2.0,8.0,12.0,2.0,0.0,8.0
147,-1.0,11.0,1.0,12.0,6.0,4.0,10.0,13.0,8.0,14.0,1.0,4.0,0.0,3.0,2.0,4.0,14.0,8.0,1.0,5.0,6.0,3.0,3.0,2.0,15.0,4.0,0.0,12.0,2.0,9.0,16.0,7.0,12.0,6.0,13.0,9.0,-1.0,7.0,0.0,9.0,2.0,2.0,8.0,4.0,6.0,6.0,0.0,4.0,1.0,3.0
148,6.0,17.0,0.0,11.0,6.0,1.0,0.0,4.0,9.0,4.0,1.0,3.0,13.0,2.0,6.0,4.0,14.0,9.0,13.0,5.0,4.0,4.0,8.0,7.0,7.0,16.0,9.0,13.0,0.0,7.0,9.0,1.0,9.0,2.0,7.0,13.0,-1.0,12.0,0.0,9.0,3.0,9.0,3.0,8.0,5.0,5.0,4.0,5.0,-1.0,2.0
149,3.0,3.0,1.0,10.0,7.0,0.0,6.0,9.0,13.0,4.0,3.0,5.0,14.0,5.0,5.0,9.0,9.0,4.0,5.0,5.0,15.0,7.0,1.0,8.0,2.0,0.0,1.0,10.0,3.0,12.0,9.0,6.0,9.0,0.0,12.0,3.0,0.0,9.0,-2.0,8.0,3.0,8.0,6.0,4.0,2.0,4.0,3.0,0.0,2.0,0.0
150,10.0,3.0,0.0,11.0,4.0,3.0,12.0,12.0,2.0,14.0,2.0,1.0,7.0,16.0,11.0,3.0,9.0,13.0,6.0,2.0,13.0,1.0,16.0,7.0,2.0,15.0,11.0,4.0,0.0,7.0,9.0,4.0,7.0,4.0,18.0,1.0,1.0,2.0,-2.0,10.0,6.0,7.0,0.0,5.0,4.0,12.0,12.0,1.0,0.0,3.0
151,3.0,15.0,0.0,6.0,8.0,1.0,12.0,9.0,9.0,16.0,-2.0,1.0,14.0,3.0,7.0,12.0,18.0,10.0,7.0,4.0,16.0,2.0,3.0,6.0,2.0,15.0,4.0,2.0,-2.0,13.0,7.0,6.0,12.0,0.0,0.0,4.0,0.0,13.0,-1.0,4.0,8.0,0.0,1.0,10.0,10.0,10.0,12.0,-1.0,-1.0,2.0
152,5.0,13.0,3.0,4.0,8.0,-1.0,8.0,14.0,11.0,4.0,4.0,4.0,9.0,5.0,7.0,8.0,14.0,10.0,2.0,9.0,13.0,7.0,6.0,7.0,7.0,5.0,2.0,8.0,1.0,12.0,0.0,4.0,9.0,10.0,10.0,2.0,0.0,12.0,0.0,8.0,7.0,5.0,15.0,14.0,7.0,8.0,8.0,8.0,2.0,0.0
153,9.0,13.0,1.0,16.0,1.0,2.0,-1.0,5.0,12.0,14.0,-1.0,1.0,5.0,12.0,12.0,5.0,11.0,13.0,2.0,13.0,18.0,17.0,1.0,5.0,7.0,3.0,1.0,13.0,0.0,5.0,9.0,4.0,7.0,6.0,10.0,2.0,-1.0,16.0,-1.0,12.0,6.0,6.0,11.0,13.0,0.0,4.0,12.0,0.0,2.0,3.0
154,1.0,15.0,1.0,1.0,3.0,0.0,3.0,5.0,1.0,14.0,0.0,2.0,10.0,7.0,5.0,10.0,6.0,5.0,3.0,14.0,14.0,3.0,16.0,11.0,9.0,2.0,1.0,0.0,0.0,16.0,13.0,10.0,5.0,5.0,14.0,6.0,1.0,4.0,0.0,12.0,3.0,6.0,11.0,7.0,1.0,15.0,11.0,8.0,-1.0,1.0
155,6.0,6.0,1.0,4.0,8.0,-1.0,8.0,5.0,13.0,15.0,-1.0,6.0,3.0,6.0,9.0,6.0,9.0,11.0,5.0,14.0,12.0,16.0,2.0,0.0,3.0,4.0,6.0,12.0,1.0,15.0,8.0,4.0,7.0,6.0,12.0,1.0,0.0,8.0,0.0,9.0,3.0,2.0,16.0,9.0,8.0,8.0,8.0,1.0,-1.0,3.0
156,8.0,7.0,3.0,5.0,2.0,4.0,0.0,3.0,9.0,11.0,0.0,0.0,18.0,7.0,0.0,3.0,16.0,2.0,18.0,6.0,18.0,2.0,10.0,4.0,10.0,3.0,1.0,4.0,2.0,8.0,14.0,4.0,13.0,10.0,7.0,10.0,0.0,3.0,0.0,11.0,5.0,1.0,1.0,7.0,4.0,0.0,16.0,7.0,1.0,4.0
157,3.0,15.0,0.0,11.0,0.0,4.0,5.0,3.0,11.0,12.0,0.0,5.0,9.0,13.0,13.0,7.0,12.0,12.0,12.0,16.0,11.0,8.0,8.0,4.0,3.0,4.0,6.0,4.0,-2.0,4.0,17.0,4.0,8.0,11.0,16.0,7.0,0.0,10.0,0.0,8.0,5.0,3.0,7.0,11.0,5.0,8.0,18.0,0.0,1.0,4.0
158,7.0,15.0,2.0,9.0,3.0,-1.0,13.0,6.0,3.0,14.0,5.0,2.0,13.0,12.0,9.0,8.0,11.0,8.0,8.0,15.0,11.0,16.0,6.0,0.0,4.0,7.0,1.0,11.0,4.0,11.0,9.0,8.0,11.0,8.0,12.0,3.0,-1.0,15.0,0.0,12.0,6.0,0.0,9.0,8.0,8.0,11.0,15.0,0.0,1.0,3.0
159,4.0,12.0,0.0,3.0,0.0,0.0,3.0,8.0,10.0,13.0,7.0,10.0,9.0,9.0,13.0,6.0,16.0,10.0,8.0,19.0,13.0,12.0,13.0,2.0,1.0,3.0,9.0,4.0,2.0,8.0,11.0,1.0,3.0,9.0,12.0,11.0,0.0,9.0,-2.0,5.0,3.0,6.0,11.0,11.0,9.0,13.0,9.0,2.0,1.0,1.0
160,6.0,15.0,6.0,6.0,6.0,0.0,7.0,12.0,16.0,12.0,-1.0,5.0,7.0,17.0,7.0,14.0,13.0,7.0,5.0,1.0,14.0,14.0,17.0,9.0,8.0,7.0,13.0,10.0,0.0,9.0,12.0,6.0,12.0,3.0,17.0,2.0,0.0,0.0,0.0,7.0,-1.0,4.0,13.0,10.0,4.0,4.0,2.0,1.0,4.0,5.0
161,11.0,11.0,1.0,9.0,4.0,3.0,8.0,12.0,10.0,11.0,3.0,1.0,15.0,2.0,12.0,8.0,14.0,12.0,2.0,17.0,16.0,13.0,15.0,12.0,3.0,17.0,9.0,11.0,3.0,6.0,12.0,6.0,6.0,8.0,6.0,8.0,-1.0,12.0,0.0,9.0,7.0,1.0,8.0,10.0,12.0,12.0,7.0,3.0,2.0,-1.0
162,15.0,3.0,1.0,11.0,6.0,0.0,14.0,11.0,10.0,7.0,6.0,3.0,8.0,5.0,18.0,7.0,17.0,11.0,7.0,4.0,14.0,10.0,6.0,7.0,13.0,0.0,4.0,12.0,1.0,7.0,6.0,4.0,16.0,3.0,11.0,4.0,0.0,6.0,0.0,11.0,5.0,6.0,8.0,6.0,12.0,10.0,7.0,14.0,1.0,0.0
163,10.0,0.0,1.0,0.0,8.0,2.0,3.0,9.0,13.0,5.0,4.0,4.0,11.0,9.0,10.0,12.0,15.0,4.0,12.0,9.0,14.0,11.0,12.0,2.0,10.0,10.0,7.0,16.0,1.0,6.0,13.0,7.0,14.0,4.0,11.0,10.0,0.0,6.0,-1.0,5.0,0.0,2.0,12.0,5.0,4.0,3.0,11.0,6.0,2.0,3.0
164,4.0,5.0,0.0,10.0,1.0,2.0,4.0,15.0,6.0,6.0,4.0,1.0,9.0,10.0,14.0,0.0,11.0,4.0,10.0,5.0,19.0,15.0,5.0,6.0,14.0,7.0,8.0,6.0,0.0,5.0,11.0,4.0,6.0,1.0,16.0,3.0,0.0,4.0,1.0,4.0,6.0,1.0,9.0,12.0,4.0,9.0,12.0,7.0,2.0,6.0
165,9.0,13.0,0.0,0.0,1.0,1.0,2.0,9.0,4.0,11.0,4.0,10.0,8.0,7.0,15.0,13.0,11.0,10.0,13.0,11.0,14.0,10.0,14.0,7.0,17.0,15.0,12.0,4.0,1.0,9.0,9.0,4.0,2.0,9.0,15.0,3.0,-1.0,13.0,-2.0,2.0,6.0,4.0,15.0,7.0,12.0,11.0,1.0,8.0,1.0,4.0
166,10.0,4.0,2.0,2.0,10.0,1.0,1.0,12.0,12.0,12.0,1.0,6.0,9.0,7.0,8.0,10.0,11.0,12.0,0.0,15.0,11.0,15.0,5.0,7.0,12.0,6.0,2.0,10.0,2.0,13.0,18.0,10.0,5.0,0.0,10.0,14.0,1.0,11.0,0.0,7.0,2.0,2.0,6.0,10.0,8.0,10.0,12.0,8.0,1.0,1.0
167,8.0,7.0,2.0,12.0,0.0,3.0,2.0,16.0,1.0,14.0,6.0,4.0,12.0,11.0,12.0,9.0,13.0,11.0,14.0,13.0,12.0,19.0,11.0,11.0,2.0,5.0,5.0,10.0,0.0,12.0,18.0,8.0,5.0,3.0,19.0,11.0,-2.0,10.0,0.0,12.0,5.0,2.0,1.0,2.0,10.0,7.0,12.0,8.0,0.0,11.0
168,7.0,2.0,1.0,3.0,10.0,3.0,4.0,7.0,7.0,9.0,8.0,7.0,8.0,17.0,5.0,7.0,15.0,14.0,8.0,8.0,11.0,5.0,6.0,11.0,6.0,10.0,2.0,6.0,4.0,14.0,14.0,6.0,3.0,8.0,12.0,8.0,0.0,11.0,0.0,10.0,3.0,4.0,14.0,9.0,16.0,13.0,6.0,5.0,0.0,4.0
169,9.0,8.0,1.0,3.0,0.0,2.0,5.0,17.0,1.0,11.0,10.0,4.0,12.0,1.0,5.0,3.0,10.0,3.0,13.0,9.0,13.0,11.0,10.0,13.0,13.0,4.0,5.0,4.0,3.0,6.0,4.0,3.0,14.0,9.0,2.0,7.0,0.0,7.0,-2.0,7.0,0.0,3.0,9.0,12.0,12.0,8.0,1.0,7.0,-1.0,9.0
170,9.0,12.0,1.0,7.0,7.0,0.0,10.0,13.0,17.0,13.0,6.0,0.0,20.0,11.0,7.0,15.0,11.0,14.0,3.0,11.0,12.0,8.0,21.0,7.0,13.0,19.0,5.0,6.0,3.0,10.0,8.0,9.0,9.0,5.0,6.0,4.0,0.0,9.0,-2.0,9.0,2.0,5.0,10.0,10.0,8.0,10.0,10.0,1.0,4.0,2.0
171,7.0,11.0,3.0,6.0,1.0,1.0,10.0,15.0,1.0,14.0,3.0,4.0,16.0,15.0,1.0,6.0,16.0,9.0,12.0,13.0,13.0,10.0,5.0,5.0,12.0,6.0,3.0,4.0,1.0,13.0,15.0,11.0,4.0,6.0,10.0,12.0,1.0,5.0,-1.0,9.0,3.0,0.0,15.0,6.0,12.0,9.0,12.0,4.0,2.0,4.0
172,5.0,13.0,2.0,2.0,3.0,-1.0,13.0,19.0,17.0,6.0,4.0,5.0,7.0,8.0,11.0,7.0,9.0,12.0,1.0,9.0,17.0,16.0,2.0,3.0,0.0,22.0,0.0,15.0,1.0,6.0,11.0,5.0,4.0,6.0,13.0,2.0,0.0,6.0,0.0,3.0,13.0,4.0,11.0,6.0,13.0,12.0,8.0,5.0,1.0,1.0
173,0.0,19.0,0.0,3.0,10.0,0.0,13.0,8.0,4.0,10.0,5.0,5.0,8.0,15.0,19.0,5.0,12.0,16.0,13.0,4.0,10.0,15.0,12.0,13.0,1.0,6.0,8.0,16.0,4.0,7.0,9.0,6.0,6.0,0.0,16.0,10.0,0.0,8.0,-1.0,7.0,1.0,2.0,12.0,9.0,9.0,7.0,13.0,1.0,0.0,8.0
174,3.0,4.0,3.0,7.0,6.0,0.0,5.0,14.0,8.0,9.0,4.0,-1.0,12.0,11.0,3.0,5.0,9.0,4.0,18.0,12.0,7.0,12.0,2.0,9.0,14.0,10.0,2.0,1.0,1.0,8.0,15.0,9.0,3.0,6.0,14.0,1.0,0.0,3.0,-1.0,5.0,5.0,4.0,13.0,10.0,6.0,15.0,10.0,15.0,0.0,8.0
175,5.0,15.0,0.0,2.0,8.0,4.0,6.0,11.0,10.0,17.0,7.0,3.0,7.0,5.0,2.0,11.0,15.0,13.0,14.0,12.0,9.0,18.0,14.0,5.0,7.0,12.0,8.0,4.0,1.0,7.0,15.0,3.0,2.0,5.0,7.0,3.0,0.0,11.0,-2.0,14.0,4.0,3.0,6.0,8.0,17.0,0.0,6.0,5.0,3.0,-1.0
176,0.0,3.0,2.0,1.0,5.0,2.0,15.0,7.0,10.0,10.0,3.0,10.0,16.0,2.0,8.0,13.0,12.0,9.0,9.0,8.0,12.0,7.0,12.0,11.0,5.0,13.0,3.0,2.0,1.0,10.0,10.0,1.0,4.0,5.0,14.0,12.0,0.0,1.0,0.0,7.0,5.0,1.0,15.0,14.0,15.0,3.0,8.0,7.0,1.0,3.0
177,5.0,6.0,5.0,7.0,8.0,2.0,13.0,13.0,4.0,15.0,2.0,3.0,5.0,14.0,13.0,13.0,10.0,9.0,13.0,9.0,10.0,3.0,10.0,12.0,14.0,11.0,13.0,5.0,2.0,13.0,15.0,9.0,12.0,4.0,6.0,11.0,1.0,11.0,3.0,8.0,7.0,6.0,12.0,10.0,7.0,11.0,7.0,10.0,-2.0,2.0
178,0.0,8.0,2.0,4.0,0.0,-1.0,10.0,17.0,10.0,16.0,6.0,4.0,10.0,5.0,6.0,11.0,13.0,2.0,11.0,16.0,15.0,6.0,15.0,2.0,5.0,8.0,4.0,5.0,2.0,2.0,17.0,5.0,6.0,10.0,5.0,5.0,0.0,18.0,0.0,13.0,2.0,0.0,9.0,9.0,11.0,15.0,9.0,7.0,1.0,8.0
179,12.0,9.0,3.0,3.0,3.0,2.0,15.0,13.0,9.0,16.0,4.0,1.0,15.0,9.0,6.0,10.0,10.0,9.0,7.0,1.0,8.0,11.0,9.0,15.0,7.0,10.0,6.0,10.0,1.0,7.0,16.0,9.0,11.0,2.0,14.0,5.0,-1.0,4.0,0.0,12.0,4.0,0.0,3.0,9.0,14.0,13.0,7.0,-1.0,2.0,4.0
180,10.0,8.0,7.0,2.0,9.0,0.0,9.0,3.0,9.0,12.0,9.0,3.0,8.0,10.0,2.0,6.0,17.0,13.0,7.0,7.0,13.0,7.0,8.0,17.0,3.0,14.0,10.0,5.0,0.0,11.0,10.0,2.0,18.0,8.0,11.0,3.0,0.0,5.0,3.0,9.0,0.0,0.0,12.0,7.0,7.0,12.0,13.0,7.0,2.0,5.0
181,15.0,3.0,1.0,0.0,7.0,0.0,7.0,17.0,15.0,8.0,6.0,3.0,15.0,9.0,1.0,12.0,15.0,10.0,9.0,19.0,12.0,17.0,14.0,2.0,11.0,17.0,3.0,12.0,0.0,5.0,12.0,10.0,13.0,8.0,15.0,6.0,0.0,9.0,1.0,3.0,0.0,3.0,10.0,7.0,7.0,10.0,15.0,1.0,3.0,0.0
182,2.0,10.0,5.0,13.0,12.0,2.0,12.0,5.0,9.0,17.0,-2.0,5.0,4.0,13.0,9.0,13.0,12.0,10.0,0.0,8.0,11.0,13.0,13.0,4.0,9.0,10.0,6.0,8.0,-1.0,14.0,17.0,6.0,12.0,9.0,16.0,4.0,0.0,5.0,0.0,2.0,2.0,1.0,20.0,8.0,10.0,9.0,2.0,0.0,2.0,1.0
183,5.0,19.0,6.0,12.0,4.0,6.0,2.0,12.0,4.0,8.0,10.0,3.0,11.0,2.0,16.0,12.0,15.0,7.0,17.0,4.0,7.0,17.0,13.0,10.0,9.0,16.0,2.0,9.0,1.0,7.0,13.0,1.0,6.0,1.0,12.0,2.0,0.0,14.0,0.0,12.0,5.0,12.0,11.0,0.0,7.0,4.0,10.0,4.0,4.0,2.0
184,9.0,16.0,-1.0,1.0,11.0,4.0,6.0,11.0,13.0,9.0,1.0,7.0,10.0,13.0,11.0,14.0,12.0,15.0,13.0,12.0,16.0,3.0,14.0,7.0,12.0,12.0,5.0,15.0,3.0,11.0,10.0,11.0,6.0,6.0,11.0,14.0,0.0,3.0,0.0,7.0,8.0,12.0,11.0,4.0,10.0,5.0,14.0,5.0,1.0,-1.0
185,10.0,14.0,1.0,5.0,9.0,0.0,5.0,13.0,5.0,11.0,1.0,4.0,9.0,13.0,7.0,8.0,15.0,7.0,13.0,1.0,11.0,11.0,9.0,9.0,14.0,15.0,9.0,11.0,2.0,10.0,5.0,10.0,10.0,6.0,7.0,10.0,0.0,10.0,0.0,4.0,1.0,4.0,13.0,6.0,9.0,4.0,3.0,4.0,2.0,5.0
186,7.0,17.0,4.0,6.0,4.0,2.0,7.0,12.0,14.0,6.0,1.0,12.0,6.0,14.0,2.0,14.0,9.0,8.0,3.0,9.0,7.0,10.0,11.0,11.0,2.0,9.0,13.0,6.0,0.0,9.0,14.0,4.0,9.0,2.0,11.0,10.0,0.0,10.0,0.0,2.0,11.0,7.0,14.0,8.0,10.0,11.0,11.0,11.0,4.0,2.0
187,8.0,16.0,1.0,17.0,9.0,1.0,13.0,13.0,10.0,13.0,1.0,7.0,11.0,14.0,8.0,9.0,19.0,7.0,9.0,0.0,13.0,9.0,8.0,16.0,15.0,17.0,12.0,14.0,3.0,15.0,8.0,15.0,10.0,6.0,14.0,16.0,-1.0,9.0,0.0,9.0,-1.0,0.0,9.0,7.0,9.0,15.0,7.0,8.0,1.0,1.0
188,8.0,9.0,6.0,2.0,12.0,1.0,13.0,14.0,4.0,9.0,2.0,5.0,3.0,13.0,10.0,15.0,8.0,1.0,5.0,14.0,11.0,4.0,12.0,6.0,9.0,20.0,7.0,1.0,3.0,6.0,19.0,6.0,6.0,5.0,8.0,7.0,0.0,8.0,0.0,9.0,1.0,7.0,20.0,10.0,12.0,9.0,4.0,12.0,-2.0,3.0
189,10.0,14.0,7.0,6.0,15.0,7.0,14.0,13.0,13.0,20.0,5.0,2.0,16.0,13.0,5.0,14.0,14.0,2.0,14.0,11.0,15.0,14.0,8.0,6.0,7.0,13.0,14.0,5.0,1.0,14.0,13.0,2.0,8.0,6.0,7.0,10.0,2.0,11.0,-1.0,13.0,-1.0,0.0,11.0,8.0,14.0,9.0,9.0,8.0,-1.0,4.0
190,6.0,6.0,1.0,5.0,15.0,2.0,25.0,14.0,5.0,7.0,2.0,1.0,8.0,10.0,5.0,22.0,14.0,12.0,8.0,4.0,16.0,9.0,5.0,0.0,5.0,12.0,8.0,5.0,4.0,0.0,15.0,5.0,2.0,6.0,4.0,14.0,-1.0,1.0,-2.0,16.0,5.0,12.0,14.0,8.0,12.0,8.0,15.0,14.0,7.0,5.0
191,2.0,13.0,3.0,4.0,6.0,1.0,21.0,13.0,6.0,16.0,1.0,7.0,13.0,4.0,12.0,4.0,10.0,12.0,14.0,14.0,8.0,13.0,14.0,4.0,19.0,10.0,5.0,17.0,2.0,7.0,9.0,3.0,5.0,8.0,14.0,4.0,1.0,2.0,0.0,14.0,4.0,2.0,23.0,11.0,14.0,6.0,17.0,3.0,2.0,-1.0
192,9.0,13.0,-2.0,10.0,4.0,4.0,8.0,15.0,13.0,10.0,3.0,3.0,9.0,6.0,4.0,11.0,12.0,15.0,12.0,7.0,18.0,8.0,8.0,9.0,10.0,12.0,-1.0,6.0,2.0,7.0,9.0,6.0,12.0,2.0,12.0,12.0,0.0,6.0,1.0,5.0,11.0,4.0,9.0,13.0,11.0,13.0,12.0,5.0,-1.0,0.0
193,9.0,6.0,1.0,6.0,8.0,5.0,12.0,12.0,9.0,13.0,6.0,3.0,11.0,2.0,6.0,9.0,12.0,-1.0,3.0,12.0,13.0,13.0,9.0,4.0,10.0,16.0,12.0,12.0,4.0,12.0,17.0,3.0,9.0,10.0,14.0,4.0,0.0,11.0,-1.0,12.0,1.0,8.0,14.0,7.0,17.0,13.0,16.0,10.0,2.0,6.0
194,14.0,10.0,2.0,3.0,3.0,0.0,12.0,10.0,9.0,4.0,2.0,9.0,11.0,1.0,11.0,13.0,14.0,13.0,10.0,15.0,5.0,9.0,12.0,6.0,2.0,14.0,3.0,8.0,3.0,10.0,15.0,11.0,9.0,13.0,10.0,10.0,1.0,10.0,0.0,9.0,6.0,11.0,10.0,1.0,10.0,4.0,12.0,9.0,0.0,10.0
195,4.0,15.0,4.0,2.0,7.0,0.0,5.0,11.0,10.0,11.0,1.0,1.0,9.0,16.0,7.0,10.0,13.0,5.0,6.0,13.0,6.0,14.0,14.0,16.0,8.0,1.0,7.0,8.0,2.0,9.0,9.0,11.0,17.0,0.0,16.0,3.0,1.0,10.0,-2.0,10.0,11.0,2.0,18.0,11.0,8.0,16.0,8.0,8.0,7.0,4.0
196,0.0,13.0,0.0,3.0,13.0,0.0,18.0,18.0,16.0,8.0,0.0,4.0,5.0,11.0,4.0,9.0,13.0,8.0,0.0,8.0,6.0,15.0,13.0,10.0,5.0,21.0,0.0,7.0,0.0,15.0,18.0,6.0,2.0,6.0,18.0,13.0,0.0,12.0,-1.0,6.0,10.0,7.0,11.0,7.0,10.0,3.0,12.0,15.0,5.0,3.0
197,5.0,17.0,7.0,4.0,13.0,2.0,2.0,12.0,8.0,12.0,4.0,3.0,18.0,6.0,8.0,10.0,18.0,15.0,5.0,10.0,12.0,9.0,9.0,1.0,13.0,12.0,13.0,13.0,10.0,16.0,13.0,1.0,8.0,12.0,13.0,13.0,1.0,10.0,0.0,11.0,2.0,1.0,14.0,6.0,11.0,8.0,7.0,7.0,2.0,6.0
198,16.0,7.0,3.0,12.0,5.0,0.0,9.0,12.0,4.0,7.0,0.0,0.0,13.0,10.0,5.0,13.0,14.0,8.0,8.0,1.0,9.0,15.0,14.0,11.0,8.0,15.0,10.0,11.0,1.0,12.0,12.0,9.0,14.0,3.0,18.0,13.0,0.0,13.0,0.0,11.0,2.0,2.0,13.0,2.0,11.0,2.0,11.0,5.0,0.0,0.0
199,1.0,11.0,7.0,10.0,16.0,6.0,10.0,13.0,10.0,14.0,1.0,0.0,16.0,4.0,8.0,11.0,11.0,15.0,15.0,6.0,9.0,7.0,11.0,13.0,7.0,15.0,7.0,11.0,2.0,12.0,15.0,9.0,11.0,13.0,8.0,7.0,0.0,6.0,0.0,14.0,0.0,4.0,14.0,10.0,11.0,11.0,16.0,0.0,-1.0,4.0
200,1.0,9.0,5.0,4.0,9.0,6.0,8.0,16.0,7.0,12.0,2.0,0.0,14.0,9.0,7.0,12.0,16.0,15.0,14.0,12.0,12.0,14.0,13.0,14.0,1.0,11.0,5.0,13.0,3.0,5.0,12.0,3.0,9.0,9.0,5.0,15.0,1.0,13.0,0.0,5.0,9.0,1.0,11.0,22.0,11.0,8.0,17.0,11.0,1.0,-1.0
201,15.0,11.0,1.0,3.0,7.0,1.0,4.0,13.0,4.0,11.0,1.0,10.0,4.0,12.0,8.0,12.0,13.0,11.0,8.0,14.0,5.0,15.0,12.0,0.0,13.0,16.0,8.0,2.0,2.0,10.0,8.0,-1.0,4.0,5.0,5.0,15.0,0.0,18.0,0.0,10.0,14.0,9.0,12.0,12.0,12.0,5.0,12.0,6.0,1.0,0.0
202,9.0,12.0,6.0,8.0,10.0,4.0,14.0,10.0,3.0,16.0,5.0,11.0,12.0,13.0,12.0,12.0,10.0,9.0,5.0,1.0,2.0,10.0,17.0,5.0,15.0,17.0,12.0,13.0,2.0,2.0,14.0,12.0,6.0,6.0,6.0,1.0,-1.0,4.0,0.0,7.0,4.0,4.0,20.0,9.0,9.0,13.0,10.0,6.0,5.0,3.0
203,8.0,12.0,5.0,11.0,9.0,1.0,15.0,6.0,19.0,5.0,2.0,5.0,18.0,10.0,14.0,7.0,1.0,13.0,16.0,15.0,13.0,6.0,12.0,4.0,16.0,16.0,4.0,17.0,2.0,14.0,13.0,-1.0,14.0,11.0,11.0,13.0,1.0,12.0,0.0,11.0,6.0,6.0,11.0,6.0,18.0,2.0,8.0,13.0,0.0,0.0
204,14.0,16.0,2.0,5.0,10.0,0.0,14.0,9.0,12.0,13.0,0.0,5.0,8.0,1.0,13.0,9.0,10.0,6.0,5.0,3.0,17.0,15.0,13.0,10.0,5.0,16.0,2.0,15.0,1.0,4.0,11.0,8.0,9.0,4.0,19.0,14.0,0.0,6.0,0.0,17.0,9.0,0.0,13.0,15.0,12.0,7.0,13.0,5.0,0.0,5.0
205,12.0,17.0,3.0,1.0,2.0,1.0,19.0,10.0,7.0,10.0,3.0,6.0,8.0,11.0,2.0,3.0,10.0,10.0,11.0,9.0,10.0,12.0,14.0,5.0,5.0,16.0,19.0,5.0,4.0,19.0,9.0,11.0,9.0,6.0,2.0,9.0,2.0,10.0,1.0,13.0,1.0,10.0,11.0,5.0,8.0,16.0,2.0,9.0,-1.0,5.0
206,10.0,4.0,1.0,7.0,11.0,0.0,7.0,12.0,17.0,10.0,11.0,4.0,21.0,13.0,1.0,14.0,18.0,14.0,14.0,14.0,-1.0,15.0,15.0,2.0,8.0,12.0,10.0,10.0,1.0,15.0,16.0,5.0,7.0,9.0,21.0,13.0,1.0,14.0,0.0,2.0,8.0,8.0,9.0,2.0,5.0,9.0,11.0,6.0,2.0,2.0
207,12.0,9.0,4.0,5.0,12.0,1.0,9.0,7.0,15.0,17.0,3.0,9.0,19.0,9.0,11.0,9.0,16.0,13.0,16.0,6.0,16.0,12.0,12.0,1.0,2.0,12.0,6.0,1.0,4.0,11.0,16.0,1.0,1.0,6.0,14.0,4.0,1.0,12.0,0.0,10.0,4.0,13.0,13.0,6.0,8.0,10.0,12.0,10.0,0.0,1.0
208,-1.0,14.0,4.0,-1.0,7.0,5.0,10.0,13.0,16.0,14.0,6.0,3.0,13.0,11.0,8.0,7.0,13.0,14.0,6.0,0.0,14.0,16.0,10.0,4.0,15.0,13.0,12.0,7.0,7.0,6.0,16.0,12.0,10.0,2.0,12.0,7.0,-1.0,12.0,0.0,7.0,6.0,17.0,11.0,9.0,9.0,15.0,5.0,15.0,4.0,6.0
209,11.0,12.0,4.0,3.0,3.0,1.0,4.0,10.0,5.0,13.0,4.0,9.0,16.0,2.0,7.0,13.0,16.0,12.0,0.0,9.0,2.0,12.0,16.0,9.0,5.0,14.0,16.0,9.0,2.0,3.0,13.0,2.0,14.0,11.0,9.0,6.0,1.0,16.0,0.0,15.0,6.0,10.0,12.0,12.0,5.0,12.0,11.0,10.0,-1.0,3.0
210,11.0,6.0,4.0,0.0,1.0,2.0,8.0,14.0,17.0,14.0,3.0,8.0,14.0,5.0,11.0,11.0,14.0,12.0,12.0,2.0,12.0,12.0,14.0,4.0,18.0,12.0,15.0,9.0,1.0,11.0,19.0,5.0,10.0,18.0,18.0,13.0,1.0,4.0,-1.0,11.0,4.0,7.0,17.0,5.0,12.0,10.0,3.0,6.0,3.0,3.0
211,10.0,16.0,1.0,7.0,10.0,1.0,9.0,17.0,8.0,4.0,13.0,4.0,0.0,12.0,11.0,14.0,11.0,10.0,5.0,13.0,0.0,14.0,16.0,10.0,10.0,16.0,4.0,13.0,4.0,17.0,13.0,6.0,13.0,13.0,12.0,10.0,0.0,6.0,0.0,12.0,0.0,7.0,5.0,8.0,10.0,8.0,1.0,4.0,8.0,2.0
212,2.0,13.0,0.0,3.0,9.0,10.0,10.0,8.0,13.0,8.0,1.0,5.0,10.0,4.0,6.0,9.0,13.0,13.0,11.0,17.0,4.0,16.0,7.0,12.0,5.0,9.0,8.0,10.0,9.0,17.0,13.0,9.0,17.0,7.0,14.0,7.0,-1.0,3.0,1.0,10.0,8.0,11.0,9.0,6.0,10.0,9.0,7.0,2.0,1.0,6.0
213,15.0,9.0,0.0,8.0,1.0,6.0,15.0,13.0,12.0,12.0,0.0,9.0,9.0,5.0,8.0,14.0,17.0,7.0,6.0,15.0,9.0,13.0,12.0,5.0,8.0,11.0,10.0,16.0,5.0,9.0,17.0,9.0,8.0,6.0,9.0,11.0,-1.0,8.0,2.0,13.0,3.0,12.0,19.0,16.0,22.0,6.0,9.0,1.0,0.0,4.0
214,9.0,10.0,5.0,3.0,7.0,3.0,14.0,12.0,0.0,7.0,3.0,14.0,10.0,10.0,7.0,16.0,16.0,10.0,11.0,9.0,15.0,17.0,16.0,5.0,8.0,16.0,13.0,8.0,6.0,8.0,12.0,2.0,10.0,8.0,14.0,6.0,0.0,15.0,2.0,9.0,2.0,9.0,13.0,10.0,18.0,8.0,17.0,9.0,1.0,3.0
215,3.0,19.0,-1.0,2.0,10.0,11.0,9.0,11.0,12.0,15.0,2.0,-2.0,13.0,9.0,14.0,13.0,19.0,13.0,7.0,19.0,12.0,13.0,11.0,11.0,6.0,11.0,14.0,4.0,4.0,6.0,16.0,3.0,6.0,12.0,8.0,10.0,2.0,2.0,-3.0,13.0,7.0,6.0,7.0,15.0,19.0,8.0,12.0,0.0,2.0,-1.0
216,9.0,13.0,4.0,4.0,12.0,5.0,18.0,17.0,8.0,13.0,4.0,1.0,12.0,13.0,4.0,1.0,16.0,5.0,9.0,10.0,17.0,11.0,12.0,6.0,11.0,12.0,10.0,14.0,10.0,19.0,14.0,8.0,2.0,13.0,14.0,9.0,2.0,10.0,0.0,11.0,2.0,14.0,13.0,14.0,13.0,10.0,13.0,13.0,5.0,5.0
217,11.0,17.0,1.0,11.0,11.0,9.0,13.0,11.0,16.0,12.0,12.0,12.0,19.0,7.0,4.0,6.0,17.0,10.0,7.0,4.0,12.0,18.0,12.0,6.0,9.0,9.0,12.0,15.0,8.0,16.0,12.0,8.0,6.0,6.0,17.0,7.0,0.0,9.0,0.0,7.0,17.0,14.0,22.0,13.0,15.0,7.0,14.0,11.0,1.0,1.0
218,11.0,13.0,4.0,2.0,12.0,3.0,3.0,11.0,15.0,14.0,3.0,12.0,16.0,3.0,4.0,10.0,11.0,11.0,22.0,17.0,12.0,15.0,7.0,2.0,1.0,22.0,11.0,17.0,2.0,11.0,13.0,4.0,15.0,0.0,15.0,7.0,1.0,8.0,0.0,6.0,11.0,12.0,12.0,15.0,-1.0,8.0,4.0,2.0,0.0,6.0
219,6.0,12.0,10.0,6.0,7.0,3.0,25.0,17.0,1.0,2.0,2.0,3.0,15.0,10.0,15.0,18.0,10.0,9.0,12.0,17.0,8.0,2.0,19.0,10.0,7.0,16.0,4.0,15.0,1.0,14.0,18.0,9.0,12.0,5.0,15.0,12.0,1.0,13.0,1.0,8.0,5.0,6.0,20.0,10.0,8.0,6.0,9.0,14.0,2.0,4.0
220,7.0,5.0,4.0,6.0,13.0,11.0,12.0,15.0,10.0,10.0,4.0,5.0,13.0,17.0,2.0,1.0,13.0,14.0,15.0,13.0,16.0,6.0,14.0,13.0,11.0,17.0,10.0,9.0,8.0,17.0,16.0,8.0,16.0,9.0,11.0,12.0,7.0,3.0,-1.0,12.0,12.0,10.0,18.0,5.0,16.0,9.0,10.0,5.0,4.0,5.0
221,3.0,10.0,2.0,8.0,9.0,4.0,12.0,17.0,8.0,8.0,4.0,4.0,16.0,7.0,12.0,13.0,16.0,9.0,17.0,0.0,10.0,13.0,12.0,4.0,9.0,15.0,17.0,17.0,9.0,6.0,12.0,7.0,16.0,8.0,18.0,9.0,0.0,15.0,0.0,11.0,2.0,18.0,9.0,7.0,13.0,11.0,12.0,5.0,5.0,5.0
222,10.0,20.0,2.0,5.0,5.0,1.0,10.0,13.0,10.0,10.0,3.0,6.0,12.0,11.0,2.0,8.0,17.0,11.0,6.0,12.0,14.0,16.0,18.0,7.0,6.0,11.0,12.0,15.0,9.0,12.0,17.0,16.0,17.0,6.0,14.0,4.0,2.0,14.0,0.0,9.0,15.0,8.0,19.0,9.0,15.0,8.0,12.0,4.0,4.0,2.0
223,5.0,12.0,3.0,5.0,10.0,3.0,18.0,7.0,11.0,11.0,1.0,6.0,18.0,8.0,6.0,7.0,8.0,12.0,18.0,10.0,14.0,12.0,18.0,13.0,3.0,10.0,12.0,10.0,3.0,13.0,10.0,5.0,14.0,4.0,3.0,8.0,3.0,17.0,1.0,13.0,8.0,12.0,14.0,10.0,11.0,10.0,3.0,10.0,8.0,3.0
224,6.0,13.0,4.0,6.0,13.0,2.0,13.0,14.0,4.0,8.0,0.0,12.0,4.0,4.0,15.0,8.0,12.0,4.0,12.0,1.0,6.0,14.0,0.0,1.0,15.0,16.0,10.0,17.0,1.0,10.0,9.0,13.0,12.0,2.0,15.0,4.0,0.0,9.0,-1.0,13.0,4.0,2.0,11.0,17.0,5.0,14.0,16.0,12.0,2.0,4.0
225,7.0,12.0,4.0,2.0,8.0,2.0,8.0,11.0,10.0,12.0,7.0,7.0,13.0,12.0,5.0,6.0,17.0,16.0,12.0,11.0,16.0,5.0,15.0,11.0,16.0,18.0,7.0,6.0,5.0,9.0,9.0,12.0,14.0,4.0,14.0,12.0,1.0,17.0,1.0,14.0,3.0,10.0,10.0,8.0,11.0,12.0,12.0,11.0,8.0,5.0
226,10.0,1.0,0.0,1.0,12.0,0.0,15.0,16.0,12.0,14.0,2.0,3.0,17.0,8.0,4.0,7.0,9.0,8.0,8.0,13.0,17.0,7.0,11.0,1.0,16.0,6.0,4.0,7.0,3.0,11.0,13.0,9.0,4.0,0.0,11.0,2.0,1.0,15.0,2.0,13.0,9.0,5.0,10.0,17.0,17.0,15.0,8.0,18.0,2.0,4.0
227,2.0,11.0,5.0,12.0,5.0,2.0,10.0,9.0,16.0,11.0,1.0,1.0,12.0,14.0,15.0,2.0,15.0,15.0,9.0,16.0,17.0,9.0,19.0,13.0,0.0,11.0,10.0,10.0,7.0,15.0,13.0,3.0,7.0,7.0,16.0,6.0,5.0,14.0,0.0,21.0,6.0,3.0,15.0,2.0,12.0,11.0,16.0,0.0,3.0,2.0
228,4.0,15.0,3.0,4.0,14.0,5.0,15.0,19.0,6.0,16.0,11.0,9.0,6.0,15.0,9.0,2.0,13.0,13.0,11.0,8.0,15.0,8.0,11.0,6.0,9.0,13.0,11.0,14.0,6.0,9.0,13.0,14.0,11.0,5.0,6.0,9.0,5.0,12.0,0.0,9.0,12.0,7.0,18.0,4.0,12.0,15.0,15.0,9.0,2.0,6.0
229,6.0,9.0,2.0,7.0,12.0,3.0,7.0,14.0,14.0,12.0,2.0,10.0,13.0,0.0,12.0,10.0,12.0,15.0,19.0,1.0,8.0,7.0,17.0,10.0,15.0,17.0,3.0,5.0,7.0,6.0,17.0,6.0,12.0,11.0,12.0,11.0,2.0,6.0,0.0,16.0,2.0,11.0,12.0,10.0,12.0,9.0,17.0,15.0,12.0,-2.0
230,16.0,11.0,1.0,19.0,5.0,1.0,16.0,5.0,3.0,16.0,1.0,6.0,17.0,3.0,7.0,9.0,15.0,17.0,15.0,9.0,17.0,15.0,12.0,9.0,9.0,8.0,5.0,10.0,0.0,15.0,16.0,11.0,9.0,14.0,14.0,3.0,0.0,22.0,0.0,7.0,2.0,17.0,10.0,3.0,10.0,10.0,9.0,2.0,2.0,-1.0
231,15.0,6.0,4.0,0.0,13.0,0.0,10.0,16.0,7.0,9.0,3.0,8.0,12.0,5.0,15.0,0.0,16.0,13.0,12.0,13.0,19.0,16.0,11.0,1.0,7.0,17.0,3.0,1.0,6.0,17.0,13.0,14.0,5.0,9.0,17.0,12.0,4.0,2.0,-1.0,11.0,0.0,12.0,14.0,7.0,16.0,15.0,11.0,7.0,8.0,1.0
232,8.0,14.0,6.0,10.0,7.0,3.0,12.0,12.0,12.0,11.0,3.0,12.0,11.0,10.0,16.0,6.0,13.0,10.0,9.0,13.0,2.0,13.0,15.0,17.0,9.0,13.0,13.0,6.0,7.0,12.0,19.0,15.0,13.0,6.0,18.0,4.0,4.0,12.0,0.0,9.0,10.0,6.0,11.0,11.0,8.0,10.0,1.0,12.0,1.0,4.0
233,5.0,8.0,7.0,4.0,10.0,1.0,13.0,8.0,17.0,16.0,0.0,1.0,16.0,10.0,14.0,16.0,17.0,17.0,10.0,15.0,1.0,15.0,18.0,8.0,9.0,16.0,16.0,12.0,2.0,10.0,10.0,10.0,6.0,1.0,10.0,14.0,0.0,5.0,-1.0,11.0,4.0,0.0,19.0,10.0,13.0,16.0,17.0,8.0,9.0,10.0
234,15.0,12.0,1.0,18.0,10.0,0.0,13.0,18.0,18.0,13.0,10.0,2.0,15.0,5.0,10.0,7.0,9.0,13.0,3.0,12.0,15.0,19.0,16.0,14.0,10.0,9.0,5.0,6.0,6.0,10.0,15.0,14.0,14.0,5.0,15.0,9.0,0.0,20.0,0.0,3.0,3.0,14.0,14.0,2.0,11.0,12.0,15.0,8.0,1.0,8.0
235,12.0,10.0,2.0,9.0,13.0,0.0,10.0,8.0,17.0,9.0,0.0,17.0,13.0,7.0,0.0,12.0,16.0,12.0,14.0,12.0,13.0,13.0,11.0,5.0,5.0,12.0,4.0,11.0,11.0,12.0,7.0,9.0,20.0,4.0,17.0,5.0,0.0,13.0,0.0,13.0,10.0,11.0,14.0,13.0,14.0,7.0,5.0,8.0,4.0,9.0
236,0.0,14.0,2.0,5.0,0.0,6.0,10.0,15.0,14.0,7.0,8.0,7.0,12.0,3.0,15.0,9.0,14.0,15.0,11.0,11.0,12.0,16.0,8.0,13.0,11.0,11.0,5.0,10.0,3.0,10.0,12.0,10.0,20.0,6.0,17.0,11.0,2.0,15.0,0.0,14.0,3.0,17.0,8.0,9.0,7.0,17.0,11.0,2.0,3.0,0.0
237,10.0,16.0,12.0,8.0,5.0,6.0,19.0,9.0,6.0,17.0,6.0,7.0,15.0,2.0,15.0,2.0,17.0,16.0,17.0,4.0,18.0,12.0,16.0,6.0,4.0,17.0,5.0,12.0,10.0,15.0,19.0,3.0,7.0,7.0,16.0,16.0,1.0,11.0,-1.0,11.0,4.0,15.0,15.0,6.0,11.0,13.0,13.0,12.0,5.0,5.0
238,10.0,15.0,2.0,13.0,4.0,5.0,14.0,18.0,9.0,10.0,5.0,7.0,16.0,3.0,15.0,15.0,5.0,13.0,14.0,6.0,18.0,16.0,10.0,8.0,12.0,5.0,2.0,14.0,9.0,8.0,22.0,3.0,10.0,5.0,14.0,9.0,1.0,5.0,-1.0,9.0,14.0,8.0,2.0,8.0,14.0,15.0,9.0,1.0,8.0,4.0
239,4.0,15.0,5.0,7.0,1.0,4.0,16.0,11.0,2.0,14.0,5.0,11.0,17.0,7.0,9.0,7.0,12.0,15.0,11.0,13.0,12.0,14.0,12.0,8.0,9.0,11.0,13.0,8.0,1.0,12.0,16.0,12.0,9.0,11.0,11.0,5.0,3.0,16.0,0.0,10.0,9.0,16.0,10.0,2.0,18.0,10.0,6.0,7.0,11.0,9.0
240,4.0,16.0,0.0,9.0,15.0,9.0,14.0,10.0,15.0,12.0,2.0,11.0,19.0,12.0,12.0,9.0,6.0,13.0,13.0,15.0,14.0,12.0,14.0,4.0,14.0,11.0,19.0,12.0,3.0,12.0,15.0,14.0,11.0,5.0,9.0,9.0,0.0,5.0,-1.0,8.0,16.0,6.0,18.0,11.0,14.0,13.0,13.0,13.0,1.0,4.0
241,4.0,16.0,2.0,2.0,7.0,4.0,14.0,8.0,14.0,8.0,12.0,2.0,19.0,6.0,12.0,12.0,21.0,14.0,15.0,6.0,15.0,3.0,5.0,11.0,4.0,11.0,8.0,16.0,5.0,14.0,12.0,5.0,11.0,9.0,17.0,9.0,4.0,9.0,2.0,15.0,15.0,9.0,15.0,15.0,18.0,11.0,7.0,10.0,2.0,6.0
242,2.0,14.0,6.0,16.0,8.0,-1.0,5.0,9.0,2.0,13.0,3.0,13.0,9.0,0.0,11.0,6.0,13.0,22.0,12.0,22.0,13.0,6.0,12.0,4.0,18.0,10.0,3.0,13.0,7.0,11.0,14.0,-1.0,17.0,15.0,14.0,14.0,0.0,3.0,2.0,12.0,0.0,10.0,9.0,3.0,16.0,17.0,8.0,5.0,1.0,-1.0
243,5.0,17.0,4.0,7.0,14.0,6.0,13.0,9.0,3.0,7.0,5.0,9.0,20.0,14.0,12.0,15.0,,12.0,12.0,17.0,13.0,4.0,11.0,14.0,6.0,20.0,12.0,19.0,18.0,10.0,3.0,10.0,5.0,5.0,6.0,8.0,3.0,3.0,-2.0,9.0,8.0,4.0,3.0,12.0,9.0,8.0,5.0,8.0,8.0,0.0
244,5.0,8.0,7.0,11.0,9.0,11.0,9.0,12.0,6.0,8.0,4.0,7.0,12.0,18.0,13.0,3.0,,17.0,16.0,14.0,10.0,15.0,19.0,9.0,18.0,17.0,11.0,6.0,6.0,13.0,10.0,2.0,15.0,16.0,19.0,10.0,-2.0,15.0,0.0,11.0,0.0,10.0,16.0,5.0,11.0,8.0,12.0,1.0,4.0,5.0
245,6.0,13.0,3.0,14.0,15.0,3.0,21.0,19.0,16.0,15.0,13.0,7.0,15.0,8.0,11.0,2.0,,18.0,15.0,12.0,7.0,12.0,14.0,13.0,18.0,10.0,14.0,13.0,5.0,13.0,20.0,8.0,17.0,13.0,14.0,10.0,3.0,11.0,0.0,10.0,7.0,14.0,10.0,5.0,12.0,12.0,13.0,7.0,6.0,8.0
246,16.0,14.0,4.0,7.0,9.0,4.0,13.0,17.0,3.0,11.0,0.0,3.0,17.0,11.0,12.0,13.0,,13.0,13.0,12.0,15.0,12.0,16.0,16.0,7.0,14.0,7.0,8.0,8.0,13.0,9.0,9.0,4.0,5.0,18.0,15.0,0.0,5.0,1.0,9.0,8.0,7.0,14.0,5.0,15.0,15.0,13.0,2.0,2.0,2.0
247,10.0,9.0,2.0,5.0,17.0,6.0,12.0,14.0,16.0,13.0,1.0,0.0,14.0,13.0,18.0,2.0,,11.0,21.0,14.0,12.0,15.0,13.0,11.0,7.0,12.0,14.0,4.0,9.0,12.0,8.0,11.0,17.0,11.0,9.0,9.0,0.0,3.0,1.0,11.0,0.0,16.0,11.0,13.0,14.0,13.0,15.0,5.0,5.0,-1.0
248,7.0,6.0,2.0,20.0,14.0,6.0,20.0,16.0,3.0,10.0,6.0,14.0,16.0,7.0,12.0,5.0,,16.0,10.0,9.0,13.0,17.0,11.0,9.0,16.0,17.0,15.0,13.0,7.0,13.0,10.0,8.0,18.0,16.0,13.0,6.0,4.0,5.0,0.0,9.0,11.0,8.0,12.0,6.0,9.0,3.0,14.0,15.0,0.0,6.0
249,4.0,9.0,7.0,9.0,13.0,8.0,19.0,9.0,12.0,14.0,3.0,10.0,15.0,7.0,13.0,6.0,,10.0,15.0,11.0,9.0,16.0,17.0,7.0,15.0,13.0,7.0,12.0,11.0,16.0,14.0,12.0,11.0,11.0,12.0,10.0,-1.0,13.0,0.0,7.0,5.0,8.0,16.0,7.0,12.0,17.0,13.0,7.0,11.0,3.0
250,2.0,13.0,1.0,6.0,13.0,4.0,14.0,16.0,11.0,17.0,2.0,6.0,20.0,10.0,9.0,7.0,,21.0,11.0,1.0,14.0,12.0,13.0,15.0,1.0,19.0,8.0,7.0,1.0,14.0,13.0,14.0,12.0,13.0,11.0,8.0,10.0,11.0,1.0,15.0,8.0,13.0,12.0,9.0,11.0,0.0,6.0,13.0,8.0,5.0
251,14.0,14.0,6.0,4.0,14.0,7.0,17.0,14.0,15.0,7.0,2.0,8.0,17.0,9.0,11.0,3.0,,8.0,20.0,13.0,14.0,14.0,12.0,12.0,11.0,16.0,13.0,16.0,3.0,12.0,9.0,3.0,13.0,10.0,15.0,4.0,3.0,7.0,0.0,11.0,15.0,11.0,15.0,11.0,14.0,9.0,17.0,7.0,7.0,3.0
252,9.0,11.0,3.0,12.0,13.0,3.0,14.0,15.0,10.0,12.0,5.0,0.0,4.0,8.0,13.0,8.0,,19.0,22.0,12.0,8.0,19.0,14.0,5.0,4.0,17.0,14.0,15.0,5.0,15.0,11.0,12.0,6.0,8.0,14.0,9.0,-2.0,7.0,0.0,16.0,7.0,10.0,8.0,7.0,11.0,16.0,15.0,7.0,1.0,5.0
253,20.0,13.0,7.0,10.0,16.0,9.0,0.0,7.0,20.0,2.0,5.0,0.0,15.0,10.0,15.0,6.0,,14.0,15.0,11.0,9.0,14.0,7.0,9.0,14.0,14.0,12.0,10.0,5.0,14.0,10.0,8.0,20.0,7.0,8.0,7.0,3.0,13.0,1.0,14.0,10.0,16.0,9.0,15.0,4.0,21.0,8.0,7.0,9.0,4.0
254,8.0,13.0,6.0,7.0,17.0,10.0,15.0,18.0,10.0,16.0,3.0,11.0,20.0,12.0,14.0,4.0,,11.0,11.0,11.0,13.0,18.0,13.0,9.0,6.0,15.0,10.0,10.0,10.0,10.0,12.0,18.0,12.0,14.0,19.0,8.0,0.0,8.0,1.0,9.0,1.0,9.0,16.0,9.0,14.0,4.0,7.0,7.0,0.0,2.0
255,7.0,9.0,6.0,19.0,17.0,7.0,14.0,16.0,8.0,14.0,-1.0,1.0,21.0,14.0,13.0,11.0,,12.0,13.0,6.0,8.0,15.0,3.0,16.0,15.0,8.0,4.0,8.0,6.0,17.0,6.0,4.0,12.0,14.0,19.0,9.0,5.0,2.0,0.0,13.0,0.0,10.0,6.0,11.0,12.0,13.0,12.0,16.0,8.0,2.0
256,4.0,18.0,3.0,14.0,19.0,8.0,15.0,11.0,11.0,14.0,2.0,12.0,16.0,10.0,13.0,16.0,,14.0,10.0,15.0,14.0,14.0,17.0,10.0,8.0,9.0,4.0,7.0,11.0,4.0,8.0,6.0,15.0,12.0,11.0,3.0,6.0,13.0,0.0,16.0,12.0,11.0,4.0,7.0,15.0,12.0,15.0,6.0,4.0,5.0
257,6.0,15.0,1.0,3.0,7.0,4.0,17.0,14.0,10.0,14.0,15.0,11.0,11.0,6.0,15.0,9.0,,3.0,11.0,8.0,13.0,13.0,14.0,11.0,13.0,14.0,11.0,14.0,4.0,15.0,15.0,12.0,16.0,9.0,17.0,16.0,2.0,5.0,1.0,13.0,5.0,4.0,18.0,10.0,17.0,10.0,9.0,19.0,5.0,6.0
258,17.0,15.0,14.0,15.0,13.0,5.0,8.0,12.0,15.0,15.0,10.0,1.0,8.0,11.0,12.0,14.0,,11.0,13.0,13.0,16.0,16.0,18.0,8.0,11.0,21.0,12.0,2.0,9.0,11.0,14.0,5.0,15.0,17.0,20.0,11.0,4.0,14.0,1.0,8.0,3.0,15.0,11.0,15.0,9.0,14.0,17.0,11.0,6.0,0.0
259,6.0,17.0,3.0,14.0,11.0,11.0,17.0,14.0,7.0,14.0,11.0,7.0,18.0,7.0,15.0,5.0,,14.0,14.0,9.0,14.0,14.0,15.0,10.0,18.0,21.0,5.0,2.0,10.0,7.0,12.0,13.0,13.0,8.0,18.0,14.0,1.0,0.0,1.0,16.0,16.0,4.0,11.0,10.0,5.0,11.0,6.0,12.0,6.0,5.0
260,11.0,12.0,2.0,15.0,14.0,11.0,12.0,12.0,9.0,9.0,14.0,6.0,13.0,11.0,9.0,19.0,,15.0,-1.0,12.0,13.0,15.0,16.0,4.0,3.0,12.0,15.0,11.0,4.0,12.0,11.0,11.0,15.0,7.0,13.0,15.0,3.0,13.0,0.0,8.0,11.0,8.0,13.0,9.0,16.0,16.0,13.0,3.0,1.0,0.0
261,9.0,13.0,1.0,14.0,13.0,11.0,15.0,15.0,10.0,9.0,15.0,6.0,13.0,17.0,13.0,7.0,,14.0,18.0,11.0,11.0,10.0,13.0,15.0,2.0,13.0,4.0,5.0,6.0,14.0,15.0,10.0,10.0,12.0,15.0,13.0,2.0,3.0,0.0,16.0,17.0,8.0,11.0,8.0,3.0,15.0,14.0,7.0,17.0,6.0
262,6.0,14.0,5.0,3.0,13.0,1.0,11.0,15.0,11.0,13.0,14.0,10.0,13.0,19.0,15.0,11.0,,15.0,4.0,19.0,16.0,13.0,9.0,18.0,6.0,18.0,12.0,3.0,4.0,14.0,14.0,10.0,18.0,11.0,6.0,6.0,4.0,14.0,-1.0,9.0,3.0,10.0,12.0,11.0,14.0,14.0,15.0,8.0,5.0,0.0
263,8.0,16.0,6.0,11.0,15.0,14.0,11.0,16.0,13.0,14.0,13.0,10.0,16.0,10.0,8.0,5.0,,17.0,12.0,16.0,4.0,12.0,12.0,9.0,10.0,,9.0,17.0,3.0,13.0,7.0,17.0,18.0,12.0,18.0,11.0,8.0,10.0,0.0,13.0,3.0,11.0,9.0,7.0,10.0,17.0,10.0,14.0,14.0,8.0
264,11.0,14.0,1.0,0.0,13.0,7.0,11.0,13.0,12.0,8.0,10.0,9.0,8.0,16.0,10.0,14.0,,15.0,9.0,17.0,8.0,15.0,16.0,13.0,9.0,,7.0,1.0,10.0,15.0,4.0,6.0,14.0,11.0,7.0,2.0,4.0,15.0,1.0,12.0,6.0,12.0,9.0,8.0,9.0,14.0,10.0,15.0,6.0,0.0
265,7.0,16.0,9.0,14.0,14.0,3.0,17.0,14.0,19.0,21.0,8.0,7.0,16.0,13.0,15.0,15.0,,15.0,14.0,21.0,15.0,18.0,11.0,14.0,16.0,,7.0,3.0,6.0,16.0,17.0,7.0,14.0,0.0,12.0,13.0,1.0,8.0,1.0,7.0,5.0,17.0,13.0,15.0,16.0,12.0,9.0,11.0,5.0,2.0
266,8.0,5.0,-1.0,18.0,11.0,2.0,17.0,9.0,16.0,11.0,6.0,1.0,15.0,10.0,17.0,12.0,,16.0,13.0,10.0,18.0,15.0,9.0,5.0,11.0,,7.0,2.0,0.0,20.0,9.0,11.0,8.0,17.0,13.0,10.0,4.0,7.0,-1.0,6.0,5.0,14.0,10.0,5.0,10.0,21.0,9.0,8.0,1.0,5.0
267,7.0,13.0,1.0,12.0,16.0,8.0,16.0,11.0,16.0,13.0,13.0,9.0,9.0,10.0,13.0,12.0,,9.0,18.0,7.0,13.0,23.0,13.0,10.0,15.0,,12.0,10.0,12.0,14.0,17.0,2.0,14.0,12.0,16.0,10.0,6.0,16.0,1.0,13.0,16.0,11.0,15.0,13.0,11.0,13.0,9.0,12.0,1.0,1.0
268,20.0,13.0,2.0,12.0,16.0,3.0,11.0,14.0,15.0,16.0,5.0,7.0,21.0,7.0,11.0,17.0,,10.0,14.0,13.0,14.0,18.0,13.0,6.0,2.0,,10.0,15.0,5.0,13.0,16.0,8.0,6.0,19.0,18.0,9.0,0.0,11.0,1.0,12.0,4.0,16.0,10.0,12.0,13.0,12.0,17.0,13.0,3.0,5.0
269,6.0,7.0,8.0,16.0,11.0,4.0,15.0,10.0,10.0,14.0,7.0,10.0,15.0,15.0,9.0,8.0,,13.0,13.0,13.0,17.0,16.0,16.0,7.0,15.0,,12.0,11.0,11.0,12.0,16.0,4.0,13.0,12.0,12.0,14.0,5.0,16.0,2.0,4.0,9.0,12.0,10.0,14.0,12.0,19.0,16.0,13.0,19.0,4.0
270,13.0,8.0,0.0,10.0,12.0,13.0,13.0,20.0,10.0,17.0,2.0,10.0,10.0,8.0,21.0,11.0,,11.0,12.0,15.0,3.0,16.0,15.0,18.0,8.0,,15.0,14.0,7.0,9.0,16.0,0.0,23.0,13.0,9.0,9.0,1.0,17.0,0.0,13.0,14.0,11.0,18.0,4.0,6.0,20.0,11.0,7.0,10.0,9.0
271,12.0,14.0,13.0,15.0,14.0,10.0,17.0,10.0,13.0,17.0,12.0,12.0,11.0,15.0,10.0,10.0,,9.0,12.0,13.0,14.0,18.0,20.0,16.0,8.0,,13.0,6.0,10.0,13.0,11.0,21.0,15.0,12.0,18.0,13.0,3.0,14.0,0.0,9.0,14.0,7.0,9.0,9.0,12.0,12.0,15.0,11.0,8.0,6.0
272,6.0,13.0,7.0,16.0,16.0,8.0,11.0,18.0,3.0,14.0,12.0,11.0,14.0,11.0,11.0,5.0,,12.0,8.0,16.0,17.0,20.0,16.0,7.0,12.0,,6.0,11.0,17.0,13.0,13.0,12.0,10.0,16.0,11.0,14.0,11.0,12.0,-1.0,14.0,12.0,8.0,7.0,9.0,12.0,12.0,17.0,8.0,8.0,10.0
273,11.0,16.0,4.0,21.0,14.0,0.0,13.0,14.0,2.0,9.0,10.0,1.0,13.0,14.0,3.0,13.0,,7.0,16.0,18.0,8.0,14.0,13.0,12.0,12.0,,11.0,18.0,4.0,16.0,13.0,11.0,13.0,15.0,15.0,7.0,-1.0,10.0,-1.0,13.0,6.0,3.0,16.0,13.0,15.0,14.0,8.0,12.0,9.0,5.0
274,11.0,17.0,5.0,11.0,9.0,9.0,20.0,16.0,12.0,15.0,10.0,3.0,15.0,15.0,7.0,7.0,,12.0,9.0,12.0,12.0,12.0,12.0,10.0,14.0,,6.0,13.0,3.0,18.0,13.0,1.0,14.0,10.0,17.0,8.0,1.0,11.0,0.0,4.0,10.0,6.0,19.0,14.0,18.0,10.0,7.0,10.0,4.0,6.0
275,11.0,13.0,-1.0,17.0,16.0,10.0,17.0,18.0,4.0,13.0,0.0,12.0,11.0,8.0,13.0,9.0,,8.0,11.0,10.0,20.0,17.0,19.0,19.0,9.0,,10.0,15.0,5.0,9.0,16.0,14.0,13.0,3.0,6.0,11.0,6.0,10.0,0.0,10.0,17.0,12.0,15.0,16.0,19.0,8.0,12.0,7.0,4.0,5.0
276,17.0,15.0,3.0,17.0,16.0,15.0,18.0,18.0,17.0,15.0,8.0,12.0,13.0,14.0,18.0,4.0,,10.0,18.0,12.0,13.0,19.0,24.0,12.0,15.0,,12.0,15.0,3.0,15.0,18.0,20.0,9.0,13.0,13.0,14.0,5.0,10.0,0.0,12.0,20.0,25.0,15.0,17.0,14.0,11.0,16.0,16.0,7.0,2.0
277,11.0,12.0,8.0,15.0,18.0,13.0,12.0,8.0,19.0,14.0,6.0,11.0,19.0,10.0,11.0,12.0,,15.0,18.0,9.0,8.0,18.0,14.0,5.0,11.0,,13.0,17.0,1.0,18.0,,5.0,10.0,14.0,15.0,15.0,6.0,15.0,0.0,12.0,15.0,3.0,16.0,12.0,0.0,13.0,14.0,12.0,9.0,12.0
278,14.0,16.0,2.0,9.0,17.0,3.0,15.0,9.0,11.0,14.0,14.0,1.0,,7.0,18.0,5.0,,14.0,16.0,18.0,2.0,17.0,16.0,10.0,8.0,,16.0,17.0,10.0,20.0,,6.0,16.0,6.0,20.0,13.0,2.0,1.0,0.0,17.0,11.0,15.0,15.0,11.0,3.0,16.0,14.0,14.0,6.0,7.0
279,10.0,0.0,1.0,17.0,16.0,8.0,13.0,15.0,9.0,14.0,9.0,5.0,,6.0,8.0,14.0,,20.0,10.0,9.0,11.0,15.0,12.0,10.0,16.0,,14.0,14.0,3.0,14.0,,9.0,15.0,17.0,18.0,12.0,0.0,13.0,0.0,9.0,1.0,10.0,16.0,7.0,19.0,17.0,12.0,1.0,10.0,5.0
280,7.0,7.0,12.0,19.0,15.0,13.0,17.0,14.0,9.0,0.0,17.0,9.0,,13.0,21.0,16.0,,15.0,6.0,16.0,11.0,,7.0,6.0,18.0,,11.0,11.0,6.0,18.0,,15.0,15.0,12.0,,5.0,2.0,15.0,1.0,11.0,1.0,15.0,9.0,15.0,7.0,10.0,14.0,17.0,5.0,2.0
281,17.0,14.0,0.0,5.0,15.0,12.0,15.0,18.0,17.0,19.0,8.0,1.0,,6.0,14.0,15.0,,8.0,10.0,9.0,18.0,,12.0,17.0,12.0,,14.0,8.0,9.0,18.0,,13.0,16.0,17.0,,13.0,1.0,10.0,0.0,9.0,4.0,17.0,14.0,16.0,6.0,14.0,15.0,13.0,6.0,6.0
282,10.0,15.0,4.0,16.0,19.0,9.0,12.0,18.0,17.0,16.0,11.0,11.0,,16.0,16.0,13.0,,13.0,10.0,4.0,14.0,,7.0,19.0,13.0,,10.0,14.0,14.0,12.0,,9.0,14.0,11.0,,9.0,0.0,21.0,0.0,15.0,16.0,12.0,14.0,14.0,13.0,9.0,19.0,15.0,2.0,21.0
283,12.0,19.0,6.0,18.0,15.0,13.0,18.0,18.0,12.0,11.0,14.0,4.0,,7.0,9.0,9.0,,10.0,19.0,15.0,13.0,,17.0,17.0,16.0,,18.0,13.0,5.0,11.0,,7.0,18.0,15.0,,13.0,5.0,16.0,-2.0,13.0,10.0,16.0,14.0,13.0,3.0,12.0,9.0,12.0,2.0,4.0
284,7.0,13.0,2.0,12.0,15.0,2.0,17.0,,13.0,12.0,16.0,4.0,,9.0,11.0,14.0,,5.0,13.0,15.0,9.0,,14.0,13.0,7.0,,11.0,12.0,1.0,13.0,,6.0,16.0,12.0,,2.0,2.0,17.0,0.0,11.0,17.0,12.0,13.0,15.0,14.0,12.0,12.0,2.0,1.0,11.0
285,13.0,16.0,5.0,14.0,12.0,11.0,10.0,,13.0,16.0,7.0,0.0,,5.0,12.0,5.0,,11.0,5.0,14.0,9.0,,13.0,18.0,13.0,,11.0,6.0,8.0,19.0,,18.0,19.0,14.0,,14.0,6.0,14.0,0.0,11.0,10.0,10.0,12.0,8.0,10.0,17.0,12.0,10.0,6.0,4.0
286,17.0,4.0,6.0,2.0,13.0,5.0,10.0,,9.0,11.0,12.0,12.0,,8.0,10.0,13.0,,14.0,6.0,10.0,9.0,,15.0,6.0,15.0,,11.0,10.0,5.0,14.0,,16.0,21.0,11.0,,7.0,10.0,17.0,-1.0,22.0,8.0,9.0,15.0,13.0,16.0,12.0,10.0,8.0,2.0,4.0
287,11.0,10.0,9.0,13.0,9.0,4.0,17.0,,16.0,18.0,-1.0,0.0,,10.0,13.0,9.0,,10.0,15.0,17.0,12.0,,18.0,2.0,6.0,,12.0,10.0,15.0,13.0,,0.0,16.0,18.0,,14.0,1.0,16.0,1.0,8.0,0.0,16.0,16.0,16.0,16.0,7.0,17.0,14.0,11.0,13.0
288,5.0,10.0,7.0,20.0,12.0,9.0,,,14.0,5.0,6.0,2.0,,12.0,14.0,15.0,,11.0,12.0,20.0,17.0,,,8.0,16.0,,14.0,8.0,13.0,17.0,,11.0,12.0,12.0,,13.0,6.0,14.0,1.0,12.0,17.0,14.0,9.0,16.0,10.0,6.0,12.0,11.0,12.0,11.0
289,3.0,9.0,11.0,20.0,9.0,12.0,,,9.0,10.0,8.0,13.0,,13.0,17.0,5.0,,17.0,10.0,11.0,17.0,,,9.0,11.0,,11.0,17.0,17.0,3.0,,4.0,14.0,14.0,,17.0,0.0,1.0,-1.0,7.0,0.0,18.0,14.0,11.0,13.0,19.0,7.0,13.0,3.0,6.0
290,5.0,12.0,6.0,15.0,14.0,10.0,,,11.0,18.0,6.0,15.0,,10.0,13.0,20.0,,12.0,9.0,17.0,11.0,,,18.0,8.0,,12.0,6.0,11.0,11.0,,16.0,14.0,15.0,,1.0,3.0,18.0,0.0,13.0,7.0,14.0,13.0,6.0,12.0,13.0,13.0,12.0,5.0,12.0
291,1.0,15.0,8.0,3.0,12.0,5.0,,,6.0,14.0,8.0,11.0,,14.0,10.0,8.0,,3.0,12.0,10.0,13.0,,,4.0,11.0,,7.0,10.0,2.0,13.0,,4.0,17.0,16.0,,9.0,7.0,6.0,1.0,15.0,13.0,19.0,15.0,9.0,8.0,9.0,13.0,8.0,8.0,8.0
292,14.0,12.0,6.0,9.0,16.0,11.0,,,6.0,5.0,8.0,9.0,,12.0,21.0,15.0,,17.0,15.0,12.0,12.0,,,5.0,17.0,,2.0,15.0,12.0,3.0,,17.0,17.0,9.0,,12.0,6.0,7.0,2.0,17.0,12.0,13.0,20.0,12.0,10.0,15.0,17.0,1.0,1.0,7.0
293,12.0,15.0,5.0,17.0,17.0,10.0,,,15.0,14.0,9.0,10.0,,12.0,23.0,14.0,,19.0,4.0,11.0,9.0,,,12.0,8.0,,14.0,2.0,16.0,19.0,,11.0,14.0,14.0,,12.0,9.0,11.0,0.0,10.0,4.0,7.0,17.0,9.0,7.0,12.0,16.0,8.0,1.0,3.0
294,9.0,7.0,6.0,6.0,14.0,16.0,,,13.0,13.0,11.0,12.0,,9.0,13.0,13.0,,16.0,4.0,14.0,18.0,,,13.0,15.0,,13.0,7.0,14.0,10.0,,8.0,15.0,15.0,,18.0,2.0,13.0,0.0,9.0,11.0,15.0,15.0,13.0,8.0,13.0,6.0,15.0,4.0,1.0
295,14.0,15.0,7.0,20.0,17.0,11.0,,,15.0,8.0,9.0,10.0,,9.0,18.0,5.0,,16.0,15.0,13.0,9.0,,,13.0,2.0,,13.0,18.0,11.0,9.0,,13.0,11.0,13.0,,15.0,3.0,8.0,0.0,11.0,17.0,9.0,13.0,17.0,13.0,20.0,14.0,6.0,16.0,8.0
296,0.0,13.0,4.0,16.0,6.0,13.0,,,10.0,9.0,6.0,11.0,,8.0,10.0,14.0,,12.0,14.0,14.0,17.0,,,16.0,9.0,,17.0,11.0,9.0,17.0,,5.0,16.0,19.0,,16.0,3.0,13.0,0.0,12.0,16.0,12.0,17.0,10.0,11.0,15.0,16.0,12.0,12.0,6.0
297,11.0,17.0,0.0,16.0,14.0,4.0,,,10.0,14.0,12.0,7.0,,13.0,12.0,4.0,,14.0,15.0,14.0,6.0,,,8.0,14.0,,11.0,11.0,11.0,15.0,,14.0,14.0,10.0,,16.0,8.0,13.0,3.0,16.0,12.0,14.0,13.0,14.0,14.0,16.0,16.0,8.0,1.0,13.0
298,20.0,13.0,6.0,22.0,11.0,14.0,,,15.0,15.0,6.0,1.0,,11.0,15.0,9.0,,17.0,10.0,21.0,18.0,,,10.0,13.0,,11.0,15.0,1.0,1.0,,13.0,11.0,9.0,,14.0,2.0,13.0,-1.0,15.0,10.0,15.0,13.0,12.0,3.0,8.0,15.0,11.0,11.0,6.0
299,9.0,10.0,20.0,10.0,1.0,14.0,,,16.0,16.0,7.0,4.0,,10.0,16.0,17.0,,13.0,13.0,12.0,14.0,,,6.0,14.0,,5.0,11.0,7.0,5.0,,8.0,17.0,15.0,,12.0,3.0,20.0,1.0,13.0,11.0,6.0,12.0,5.0,8.0,20.0,10.0,16.0,11.0,14.0
300,7.0,15.0,10.0,14.0,12.0,4.0,,,12.0,12.0,3.0,14.0,,9.0,2.0,16.0,,12.0,9.0,11.0,17.0,,,15.0,13.0,,15.0,15.0,16.0,14.0,,17.0,4.0,20.0,,11.0,4.0,12.0,-1.0,11.0,20.0,4.0,16.0,15.0,13.0,17.0,8.0,15.0,4.0,6.0
301,11.0,13.0,9.0,18.0,6.0,11.0,,,12.0,15.0,2.0,4.0,,13.0,17.0,9.0,,16.0,16.0,16.0,23.0,,,13.0,16.0,,11.0,9.0,8.0,3.0,,13.0,15.0,11.0,,13.0,4.0,4.0,2.0,5.0,9.0,12.0,12.0,12.0,2.0,16.0,10.0,10.0,4.0,14.0
302,7.0,10.0,12.0,16.0,5.0,8.0,,,10.0,15.0,14.0,5.0,,9.0,12.0,9.0,,13.0,14.0,14.0,14.0,,,14.0,4.0,,17.0,15.0,15.0,8.0,,10.0,16.0,12.0,,16.0,6.0,15.0,1.0,11.0,14.0,20.0,12.0,14.0,3.0,18.0,12.0,13.0,4.0,14.0
303,13.0,11.0,14.0,12.0,16.0,12.0,,,10.0,15.0,12.0,12.0,,13.0,12.0,9.0,,17.0,15.0,18.0,19.0,,,17.0,12.0,,15.0,11.0,13.0,14.0,,2.0,18.0,16.0,,14.0,2.0,9.0,7.0,13.0,16.0,17.0,16.0,16.0,7.0,20.0,15.0,6.0,2.0,12.0
304,10.0,14.0,10.0,19.0,14.0,12.0,,,13.0,17.0,7.0,12.0,,7.0,13.0,12.0,,10.0,13.0,10.0,10.0,,,11.0,13.0,,15.0,7.0,16.0,17.0,,3.0,14.0,8.0,,11.0,7.0,12.0,3.0,17.0,15.0,12.0,11.0,12.0,9.0,14.0,9.0,2.0,4.0,15.0
305,9.0,12.0,12.0,10.0,2.0,14.0,,,8.0,13.0,15.0,2.0,,14.0,12.0,16.0,,15.0,8.0,19.0,20.0,,,11.0,20.0,,14.0,16.0,3.0,10.0,,16.0,13.0,12.0,,6.0,2.0,11.0,4.0,13.0,8.0,11.0,13.0,12.0,6.0,13.0,17.0,15.0,3.0,9.0
306,10.0,15.0,14.0,14.0,9.0,12.0,,,12.0,11.0,13.0,12.0,,15.0,10.0,20.0,,8.0,12.0,17.0,10.0,,,10.0,13.0,,13.0,11.0,13.0,8.0,,18.0,14.0,12.0,,9.0,5.0,9.0,4.0,15.0,15.0,15.0,10.0,15.0,8.0,19.0,18.0,13.0,13.0,7.0
307,16.0,15.0,9.0,12.0,14.0,11.0,,,10.0,17.0,7.0,16.0,,9.0,15.0,17.0,,14.0,15.0,16.0,13.0,,,15.0,10.0,,9.0,8.0,11.0,12.0,,16.0,19.0,10.0,,12.0,6.0,16.0,1.0,12.0,15.0,14.0,19.0,21.0,5.0,13.0,21.0,12.0,14.0,14.0
308,12.0,16.0,3.0,13.0,13.0,5.0,,,13.0,19.0,8.0,3.0,,7.0,12.0,17.0,,7.0,13.0,13.0,13.0,,,10.0,24.0,,14.0,14.0,9.0,14.0,,10.0,,17.0,,15.0,1.0,15.0,4.0,19.0,16.0,10.0,14.0,9.0,9.0,11.0,14.0,5.0,10.0,13.0
309,14.0,17.0,5.0,19.0,11.0,13.0,,,8.0,19.0,11.0,6.0,,17.0,10.0,11.0,,11.0,15.0,22.0,13.0,,,21.0,20.0,,21.0,16.0,11.0,10.0,,13.0,,4.0,,15.0,3.0,14.0,3.0,15.0,16.0,12.0,20.0,21.0,4.0,17.0,18.0,14.0,0.0,11.0
310,5.0,16.0,14.0,16.0,14.0,10.0,,,13.0,17.0,2.0,10.0,,12.0,11.0,0.0,,12.0,12.0,17.0,10.0,,,18.0,9.0,,17.0,15.0,8.0,17.0,,10.0,,8.0,,15.0,1.0,18.0,1.0,11.0,19.0,20.0,,7.0,14.0,11.0,7.0,3.0,3.0,11.0
311,8.0,14.0,16.0,11.0,11.0,16.0,,,15.0,13.0,13.0,2.0,,15.0,13.0,6.0,,11.0,12.0,20.0,13.0,,,11.0,13.0,,13.0,12.0,1.0,13.0,,13.0,,7.0,,16.0,4.0,17.0,3.0,4.0,17.0,12.0,,8.0,1.0,16.0,13.0,14.0,0.0,3.0
312,10.0,15.0,8.0,12.0,25.0,14.0,,,11.0,11.0,12.0,16.0,,8.0,13.0,1.0,,9.0,17.0,16.0,17.0,,,17.0,8.0,,18.0,8.0,10.0,6.0,,14.0,,11.0,,14.0,7.0,4.0,-1.0,11.0,18.0,20.0,,13.0,8.0,14.0,9.0,13.0,4.0,7.0
313,6.0,14.0,4.0,19.0,11.0,16.0,,,13.0,17.0,9.0,4.0,,16.0,12.0,12.0,,17.0,16.0,15.0,15.0,,,12.0,11.0,,10.0,5.0,13.0,9.0,,14.0,,15.0,,10.0,6.0,9.0,0.0,10.0,13.0,15.0,,11.0,4.0,15.0,17.0,8.0,8.0,14.0
314,4.0,19.0,7.0,8.0,14.0,9.0,,,17.0,15.0,14.0,1.0,,15.0,13.0,9.0,,21.0,0.0,12.0,10.0,,,9.0,6.0,,12.0,10.0,8.0,17.0,,12.0,,7.0,,14.0,2.0,19.0,8.0,15.0,12.0,14.0,,11.0,9.0,16.0,10.0,4.0,7.0,4.0
315,18.0,17.0,2.0,12.0,18.0,7.0,,,12.0,17.0,12.0,13.0,,12.0,16.0,11.0,,9.0,11.0,23.0,12.0,,,4.0,7.0,,10.0,19.0,14.0,13.0,,6.0,,16.0,,17.0,5.0,9.0,2.0,12.0,18.0,16.0,,12.0,13.0,10.0,11.0,18.0,13.0,10.0
316,13.0,17.0,12.0,12.0,16.0,10.0,,,6.0,4.0,2.0,6.0,,15.0,15.0,17.0,,12.0,9.0,16.0,8.0,,,10.0,17.0,,16.0,8.0,7.0,11.0,,15.0,,11.0,,16.0,3.0,15.0,6.0,9.0,11.0,15.0,,12.0,13.0,15.0,10.0,8.0,6.0,10.0
317,17.0,14.0,6.0,13.0,12.0,13.0,,,11.0,17.0,10.0,9.0,,11.0,16.0,12.0,,16.0,11.0,13.0,9.0,,,12.0,13.0,,10.0,13.0,13.0,20.0,,18.0,,16.0,,4.0,6.0,20.0,2.0,7.0,15.0,12.0,,18.0,9.0,9.0,16.0,13.0,6.0,13.0
318,8.0,11.0,8.0,17.0,10.0,19.0,,,12.0,14.0,8.0,13.0,,8.0,20.0,12.0,,17.0,7.0,13.0,13.0,,,12.0,8.0,,14.0,17.0,9.0,12.0,,17.0,,9.0,,17.0,5.0,14.0,3.0,12.0,16.0,9.0,,19.0,14.0,15.0,13.0,14.0,8.0,8.0
319,13.0,12.0,5.0,20.0,11.0,13.0,,,8.0,14.0,13.0,15.0,,10.0,15.0,18.0,,11.0,12.0,23.0,17.0,,,11.0,11.0,,15.0,13.0,15.0,14.0,,9.0,,13.0,,11.0,-1.0,11.0,5.0,15.0,15.0,8.0,,17.0,18.0,13.0,17.0,9.0,6.0,8.0
320,6.0,11.0,15.0,18.0,9.0,14.0,,,8.0,18.0,14.0,8.0,,13.0,18.0,15.0,,16.0,10.0,4.0,13.0,,,15.0,13.0,,8.0,12.0,9.0,15.0,,13.0,,13.0,,12.0,2.0,5.0,3.0,11.0,11.0,18.0,,15.0,12.0,,16.0,7.0,5.0,10.0
321,14.0,13.0,7.0,14.0,12.0,11.0,,,15.0,16.0,11.0,7.0,,8.0,15.0,12.0,,,9.0,7.0,12.0,,,15.0,11.0,,14.0,21.0,14.0,5.0,,13.0,,11.0,,14.0,3.0,12.0,3.0,7.0,12.0,11.0,,10.0,9.0,,11.0,9.0,3.0,10.0
322,13.0,14.0,12.0,16.0,6.0,13.0,,,13.0,14.0,13.0,6.0,,11.0,15.0,17.0,,,16.0,10.0,15.0,,,15.0,15.0,,12.0,13.0,9.0,15.0,,8.0,,13.0,,13.0,6.0,15.0,0.0,15.0,11.0,13.0,,20.0,7.0,,15.0,15.0,7.0,13.0
323,12.0,13.0,0.0,12.0,13.0,15.0,,,12.0,17.0,9.0,10.0,,9.0,20.0,14.0,,,12.0,7.0,13.0,,,11.0,5.0,,10.0,15.0,11.0,16.0,,7.0,,1.0,,18.0,0.0,11.0,6.0,12.0,14.0,13.0,,15.0,11.0,,17.0,15.0,7.0,11.0
324,7.0,14.0,3.0,15.0,16.0,17.0,,,12.0,,11.0,4.0,,9.0,11.0,9.0,,,12.0,14.0,13.0,,,16.0,14.0,,10.0,13.0,8.0,9.0,,10.0,,11.0,,17.0,6.0,12.0,3.0,16.0,16.0,13.0,,15.0,11.0,,16.0,10.0,3.0,12.0
325,4.0,6.0,2.0,19.0,8.0,12.0,,,11.0,,9.0,13.0,,12.0,6.0,7.0,,,14.0,13.0,9.0,,,14.0,13.0,,17.0,11.0,8.0,19.0,,11.0,,13.0,,17.0,1.0,17.0,6.0,11.0,14.0,13.0,,13.0,11.0,,9.0,12.0,5.0,6.0
326,12.0,15.0,5.0,19.0,12.0,13.0,,,6.0,,13.0,10.0,,11.0,9.0,21.0,,,15.0,13.0,13.0,,,13.0,16.0,,11.0,14.0,15.0,8.0,,13.0,,13.0,,18.0,2.0,17.0,3.0,12.0,19.0,18.0,,14.0,10.0,,14.0,8.0,6.0,11.0
327,15.0,13.0,7.0,8.0,9.0,14.0,,,16.0,,10.0,9.0,,15.0,18.0,14.0,,,9.0,17.0,8.0,,,10.0,16.0,,7.0,13.0,5.0,14.0,,12.0,,4.0,,14.0,0.0,19.0,10.0,17.0,18.0,6.0,,20.0,11.0,,12.0,3.0,4.0,13.0
328,12.0,16.0,9.0,15.0,14.0,8.0,,,9.0,,15.0,10.0,,12.0,10.0,13.0,,,17.0,13.0,15.0,,,10.0,15.0,,21.0,12.0,10.0,16.0,,1.0,,10.0,,11.0,8.0,10.0,4.0,12.0,17.0,20.0,,10.0,12.0,,18.0,10.0,14.0,10.0
329,15.0,16.0,14.0,17.0,9.0,10.0,,,11.0,,7.0,5.0,,9.0,12.0,15.0,,,11.0,,14.0,,,12.0,10.0,,18.0,10.0,6.0,11.0,,12.0,,10.0,,10.0,1.0,14.0,0.0,6.0,13.0,13.0,,10.0,17.0,,21.0,3.0,7.0,10.0
330,13.0,12.0,1.0,11.0,9.0,12.0,,,15.0,,9.0,2.0,,7.0,12.0,18.0,,,11.0,,17.0,,,6.0,17.0,,13.0,15.0,8.0,19.0,,13.0,,18.0,,16.0,3.0,11.0,5.0,5.0,15.0,13.0,,18.0,14.0,,10.0,8.0,10.0,10.0
331,13.0,12.0,4.0,21.0,10.0,8.0,,,10.0,,13.0,12.0,,13.0,16.0,20.0,,,14.0,,14.0,,,11.0,17.0,,14.0,15.0,11.0,16.0,,13.0,,13.0,,15.0,5.0,16.0,1.0,13.0,15.0,13.0,,13.0,9.0,,15.0,15.0,11.0,8.0
332,7.0,14.0,1.0,16.0,14.0,9.0,,,2.0,,17.0,2.0,,11.0,11.0,17.0,,,13.0,,10.0,,,10.0,12.0,,14.0,14.0,13.0,12.0,,4.0,,11.0,,17.0,0.0,17.0,1.0,15.0,13.0,11.0,,12.0,15.0,,21.0,18.0,3.0,16.0
333,13.0,19.0,4.0,13.0,8.0,8.0,,,16.0,,9.0,22.0,,15.0,13.0,15.0,,,2.0,,11.0,,,8.0,14.0,,12.0,15.0,2.0,22.0,,16.0,,3.0,,17.0,1.0,17.0,1.0,11.0,20.0,13.0,,8.0,13.0,,14.0,10.0,7.0,10.0
334,18.0,,2.0,,10.0,7.0,,,15.0,,12.0,10.0,,14.0,13.0,19.0,,,11.0,,13.0,,,14.0,20.0,,16.0,15.0,17.0,15.0,,1.0,,10.0,,13.0,4.0,6.0,-1.0,7.0,13.0,12.0,,21.0,13.0,,16.0,10.0,6.0,12.0
335,15.0,,13.0,,14.0,12.0,,,6.0,,12.0,9.0,,11.0,13.0,15.0,,,13.0,,17.0,,,9.0,15.0,,13.0,14.0,11.0,17.0,,14.0,,3.0,,11.0,5.0,13.0,0.0,14.0,17.0,10.0,,13.0,13.0,,7.0,10.0,12.0,11.0
336,17.0,,8.0,,12.0,7.0,,,16.0,,10.0,11.0,,9.0,,17.0,,,11.0,,17.0,,,16.0,11.0,,13.0,10.0,15.0,12.0,,17.0,,14.0,,14.0,5.0,16.0,4.0,0.0,14.0,13.0,,11.0,14.0,,19.0,14.0,6.0,15.0
337,14.0,,10.0,,11.0,11.0,,,16.0,,15.0,14.0,,12.0,,14.0,,,9.0,,13.0,,,9.0,9.0,,10.0,16.0,6.0,12.0,,13.0,,14.0,,12.0,1.0,17.0,0.0,20.0,19.0,16.0,,8.0,10.0,,13.0,5.0,16.0,5.0
338,17.0,,6.0,,15.0,14.0,,,9.0,,2.0,4.0,,15.0,,13.0,,,11.0,,13.0,,,3.0,12.0,,6.0,8.0,13.0,12.0,,6.0,,16.0,,16.0,4.0,12.0,4.0,15.0,11.0,17.0,,13.0,16.0,,16.0,13.0,12.0,15.0
339,12.0,,8.0,,7.0,5.0,,,9.0,,7.0,8.0,,7.0,,13.0,,,12.0,,9.0,,,10.0,10.0,,14.0,14.0,12.0,15.0,,18.0,,10.0,,8.0,0.0,12.0,0.0,11.0,14.0,12.0,,10.0,13.0,,13.0,10.0,3.0,10.0
340,5.0,,3.0,,11.0,13.0,,,6.0,,13.0,9.0,,9.0,,16.0,,,12.0,,5.0,,,11.0,14.0,,15.0,20.0,10.0,12.0,,18.0,,7.0,,16.0,4.0,14.0,4.0,9.0,4.0,15.0,,8.0,7.0,,15.0,14.0,10.0,10.0
341,10.0,,10.0,,8.0,14.0,,,14.0,,11.0,4.0,,9.0,,9.0,,,16.0,,15.0,,,10.0,15.0,,14.0,14.0,17.0,14.0,,8.0,,13.0,,18.0,7.0,11.0,4.0,15.0,15.0,11.0,,21.0,15.0,,5.0,15.0,12.0,18.0
342,18.0,,0.0,,12.0,13.0,,,15.0,,18.0,3.0,,15.0,,15.0,,,15.0,,16.0,,,13.0,8.0,,6.0,15.0,10.0,10.0,,11.0,,12.0,,11.0,7.0,5.0,5.0,9.0,19.0,15.0,,13.0,8.0,,15.0,14.0,6.0,11.0
343,13.0,,9.0,,6.0,18.0,,,18.0,,13.0,15.0,,11.0,,17.0,,,18.0,,12.0,,,12.0,11.0,,10.0,14.0,13.0,20.0,,17.0,,7.0,,19.0,8.0,18.0,5.0,7.0,17.0,17.0,,13.0,13.0,,,13.0,13.0,19.0
344,8.0,,9.0,,15.0,19.0,,,14.0,,16.0,10.0,,12.0,,17.0,,,9.0,,14.0,,,12.0,14.0,,14.0,12.0,15.0,,,16.0,,2.0,,18.0,0.0,10.0,6.0,8.0,14.0,14.0,,14.0,7.0,,,10.0,10.0,11.0
345,13.0,,9.0,,16.0,11.0,,,17.0,,17.0,7.0,,17.0,,15.0,,,12.0,,14.0,,,13.0,8.0,,12.0,17.0,10.0,,,14.0,,11.0,,17.0,1.0,15.0,4.0,9.0,17.0,20.0,,14.0,17.0,,,13.0,1.0,13.0
346,16.0,,3.0,,14.0,17.0,,,18.0,,8.0,11.0,,12.0,,13.0,,,10.0,,16.0,,,11.0,15.0,,15.0,19.0,5.0,,,2.0,,7.0,,17.0,12.0,13.0,5.0,12.0,12.0,10.0,,14.0,8.0,,,14.0,4.0,12.0
347,13.0,,4.0,,11.0,16.0,,,14.0,,16.0,14.0,,17.0,,15.0,,,16.0,,12.0,,,12.0,18.0,,15.0,14.0,21.0,,,12.0,,11.0,,19.0,4.0,12.0,0.0,15.0,15.0,11.0,,22.0,14.0,,,17.0,8.0,8.0
348,16.0,,7.0,,15.0,6.0,,,10.0,,8.0,9.0,,13.0,,17.0,,,19.0,,11.0,,,16.0,12.0,,14.0,10.0,12.0,,,18.0,,10.0,,13.0,11.0,14.0,7.0,11.0,11.0,20.0,,14.0,10.0,,,15.0,12.0,11.0
349,8.0,,7.0,,17.0,8.0,,,10.0,,12.0,7.0,,15.0,,13.0,,,16.0,,17.0,,,14.0,16.0,,7.0,13.0,10.0,,,12.0,,14.0,,16.0,8.0,8.0,7.0,15.0,21.0,17.0,,16.0,11.0,,,18.0,22.0,7.0
350,13.0,,5.0,,12.0,18.0,,,13.0,,11.0,5.0,,16.0,,14.0,,,11.0,,15.0,,,12.0,14.0,,13.0,17.0,10.0,,,12.0,,12.0,,17.0,10.0,10.0,5.0,4.0,12.0,15.0,,18.0,13.0,,,11.0,16.0,18.0
351,13.0,,12.0,,13.0,6.0,,,8.0,,7.0,13.0,,19.0,,12.0,,,16.0,,13.0,,,11.0,15.0,,18.0,2.0,6.0,,,15.0,,11.0,,14.0,4.0,15.0,3.0,7.0,18.0,8.0,,18.0,12.0,,,19.0,9.0,13.0
352,13.0,,8.0,,17.0,9.0,,,14.0,,4.0,17.0,,12.0,,19.0,,,10.0,,15.0,,,15.0,10.0,,12.0,16.0,16.0,,,11.0,,11.0,,16.0,13.0,14.0,10.0,16.0,15.0,19.0,,12.0,3.0,,,17.0,2.0,11.0
353,13.0,,6.0,,19.0,9.0,,,13.0,,11.0,15.0,,12.0,,16.0,,,10.0,,15.0,,,6.0,20.0,,16.0,15.0,11.0,,,14.0,,17.0,,13.0,8.0,5.0,3.0,16.0,17.0,16.0,,18.0,4.0,,,18.0,5.0,9.0
354,15.0,,12.0,,17.0,10.0,,,17.0,,8.0,7.0,,16.0,,15.0,,,14.0,,12.0,,,14.0,16.0,,8.0,16.0,13.0,,,13.0,,16.0,,14.0,8.0,12.0,3.0,13.0,20.0,12.0,,15.0,18.0,,,20.0,10.0,15.0
355,18.0,,15.0,,13.0,11.0,,,12.0,,18.0,16.0,,13.0,,11.0,,,10.0,,18.0,,,14.0,19.0,,11.0,12.0,16.0,,,8.0,,14.0,,15.0,8.0,21.0,4.0,12.0,17.0,12.0,,12.0,10.0,,,14.0,8.0,16.0
356,14.0,,15.0,,9.0,13.0,,,9.0,,15.0,15.0,,17.0,,16.0,,,12.0,,,,,11.0,18.0,,15.0,20.0,12.0,,,16.0,,13.0,,15.0,3.0,2.0,3.0,17.0,17.0,12.0,,15.0,17.0,,,19.0,3.0,11.0
357,9.0,,14.0,,12.0,13.0,,,14.0,,18.0,10.0,,9.0,,16.0,,,17.0,,,,,18.0,15.0,,9.0,19.0,21.0,,,10.0,,13.0,,13.0,14.0,15.0,8.0,16.0,12.0,16.0,,16.0,10.0,,,11.0,11.0,10.0
358,7.0,,10.0,,11.0,11.0,,,11.0,,1.0,11.0,,16.0,,11.0,,,13.0,,,,,14.0,10.0,,14.0,19.0,7.0,,,18.0,,12.0,,15.0,8.0,11.0,6.0,11.0,13.0,21.0,,,16.0,,,18.0,0.0,12.0
359,11.0,,4.0,,17.0,10.0,,,17.0,,14.0,16.0,,13.0,,10.0,,,15.0,,,,,11.0,16.0,,15.0,17.0,11.0,,,18.0,,9.0,,,9.0,9.0,5.0,17.0,7.0,,,,15.0,,,15.0,6.0,13.0
360,13.0,,15.0,,16.0,7.0,,,14.0,,10.0,17.0,,16.0,,12.0,,,7.0,,,,,17.0,16.0,,12.0,10.0,15.0,,,19.0,,9.0,,,13.0,16.0,7.0,12.0,15.0,,,,15.0,,,7.0,5.0,15.0
361,15.0,,13.0,,16.0,8.0,,,11.0,,9.0,10.0,,15.0,,13.0,,,12.0,,,,,17.0,12.0,,12.0,11.0,13.0,,,14.0,,20.0,,,4.0,4.0,9.0,6.0,15.0,,,,11.0,,,7.0,3.0,15.0
362,14.0,,17.0,,17.0,13.0,,,17.0,,13.0,1.0,,13.0,,20.0,,,13.0,,,,,14.0,12.0,,18.0,17.0,14.0,,,12.0,,16.0,,,4.0,14.0,8.0,12.0,14.0,,,,18.0,,,8.0,11.0,15.0
363,12.0,,7.0,,17.0,11.0,,,17.0,,5.0,8.0,,16.0,,14.0,,,17.0,,,,,18.0,15.0,,20.0,14.0,15.0,,,13.0,,17.0,,,5.0,14.0,4.0,21.0,9.0,,,,13.0,,,12.0,12.0,11.0
364,15.0,,11.0,,13.0,14.0,,,11.0,,18.0,15.0,,13.0,,15.0,,,11.0,,,,,8.0,13.0,,12.0,18.0,16.0,,,14.0,,14.0,,,0.0,5.0,10.0,10.0,,,,,16.0,,,17.0,9.0,9.0
365,6.0,,17.0,,16.0,13.0,,,12.0,,6.0,11.0,,10.0,,18.0,,,8.0,,,,,13.0,21.0,,10.0,15.0,18.0,,,13.0,,11.0,,,3.0,5.0,13.0,13.0,,,,,12.0,,,13.0,11.0,13.0
366,14.0,,16.0,,17.0,17.0,,,7.0,,1.0,12.0,,17.0,,17.0,,,20.0,,,,,17.0,19.0,,10.0,17.0,11.0,,,17.0,,11.0,,,11.0,16.0,12.0,12.0,,,,,12.0,,,11.0,12.0,14.0
367,17.0,,8.0,,9.0,12.0,,,18.0,,10.0,15.0,,16.0,,21.0,,,9.0,,,,,18.0,11.0,,11.0,,11.0,,,11.0,,12.0,,,4.0,5.0,10.0,15.0,,,,,11.0,,,10.0,9.0,15.0
368,14.0,,2.0,,17.0,10.0,,,18.0,,2.0,6.0,,18.0,,13.0,,,13.0,,,,,13.0,16.0,,8.0,,12.0,,,15.0,,9.0,,,12.0,14.0,11.0,16.0,,,,,14.0,,,12.0,11.0,12.0
369,16.0,,18.0,,9.0,7.0,,,14.0,,17.0,15.0,,14.0,,13.0,,,13.0,,,,,4.0,18.0,,13.0,,15.0,,,6.0,,20.0,,,13.0,16.0,4.0,7.0,,,,,11.0,,,15.0,12.0,12.0
370,18.0,,8.0,,16.0,10.0,,,16.0,,11.0,0.0,,14.0,,13.0,,,15.0,,,,,16.0,,,11.0,,13.0,,,15.0,,14.0,,,9.0,7.0,5.0,11.0,,,,,19.0,,,12.0,15.0,16.0
371,13.0,,5.0,,20.0,7.0,,,11.0,,12.0,17.0,,16.0,,,,,14.0,,,,,10.0,,,9.0,,13.0,,,13.0,,9.0,,,4.0,9.0,10.0,12.0,,,,,10.0,,,8.0,14.0,16.0
372,12.0,,8.0,,13.0,12.0,,,17.0,,15.0,4.0,,17.0,,,,,6.0,,,,,12.0,,,7.0,,1.0,,,17.0,,16.0,,,1.0,11.0,2.0,7.0,,,,,13.0,,,20.0,13.0,13.0
373,15.0,,19.0,,2.0,19.0,,,19.0,,15.0,16.0,,11.0,,,,,17.0,,,,,12.0,,,15.0,,16.0,,,14.0,,14.0,,,2.0,12.0,1.0,13.0,,,,,14.0,,,14.0,14.0,15.0
374,15.0,,13.0,,16.0,15.0,,,10.0,,16.0,12.0,,17.0,,,,,11.0,,,,,14.0,,,12.0,,9.0,,,19.0,,14.0,,,3.0,6.0,10.0,14.0,,,,,11.0,,,10.0,9.0,14.0
375,15.0,,12.0,,16.0,14.0,,,12.0,,11.0,15.0,,21.0,,,,,12.0,,,,,15.0,,,9.0,,15.0,,,23.0,,23.0,,,6.0,11.0,10.0,3.0,,,,,17.0,,,10.0,14.0,16.0
376,16.0,,19.0,,18.0,9.0,,,14.0,,12.0,17.0,,16.0,,,,,10.0,,,,,12.0,,,12.0,,18.0,,,15.0,,12.0,,,7.0,16.0,6.0,17.0,,,,,11.0,,,20.0,16.0,15.0
377,17.0,,14.0,,17.0,15.0,,,16.0,,17.0,16.0,,11.0,,,,,12.0,,,,,18.0,,,17.0,,9.0,,,10.0,,17.0,,,13.0,16.0,7.0,12.0,,,,,7.0,,,12.0,15.0,15.0
378,18.0,,12.0,,10.0,9.0,,,16.0,,10.0,14.0,,11.0,,,,,14.0,,,,,15.0,,,15.0,,11.0,,,3.0,,8.0,,,18.0,15.0,-1.0,17.0,,,,,13.0,,,14.0,17.0,11.0
379,13.0,,19.0,,17.0,14.0,,,16.0,,9.0,10.0,,17.0,,,,,6.0,,,,,13.0,,,2.0,,15.0,,,15.0,,13.0,,,3.0,9.0,10.0,14.0,,,,,14.0,,,17.0,16.0,17.0
380,18.0,,18.0,,16.0,19.0,,,14.0,,16.0,10.0,,14.0,,,,,18.0,,,,,12.0,,,11.0,,14.0,,,5.0,,15.0,,,6.0,13.0,6.0,16.0,,,,,7.0,,,14.0,15.0,15.0
381,13.0,,12.0,,16.0,13.0,,,17.0,,19.0,15.0,,13.0,,,,,10.0,,,,,11.0,,,12.0,,6.0,,,11.0,,15.0,,,13.0,16.0,8.0,11.0,,,,,15.0,,,20.0,16.0,16.0
382,16.0,,9.0,,8.0,14.0,,,12.0,,14.0,4.0,,6.0,,,,,10.0,,,,,9.0,,,10.0,,15.0,,,12.0,,9.0,,,10.0,14.0,5.0,16.0,,,,,12.0,,,18.0,17.0,11.0
383,17.0,,7.0,,16.0,15.0,,,16.0,,2.0,15.0,,14.0,,,,,17.0,,,,,19.0,,,20.0,,12.0,,,9.0,,17.0,,,9.0,13.0,7.0,13.0,,,,,10.0,,,16.0,16.0,13.0
384,16.0,,13.0,,12.0,14.0,,,15.0,,15.0,17.0,,13.0,,,,,10.0,,,,,13.0,,,12.0,,16.0,,,12.0,,15.0,,,8.0,11.0,5.0,16.0,,,,,24.0,,,13.0,12.0,4.0
385,19.0,,12.0,,16.0,13.0,,,9.0,,10.0,16.0,,15.0,,,,,13.0,,,,,15.0,,,11.0,,17.0,,,20.0,,10.0,,,5.0,13.0,5.0,17.0,,,,,9.0,,,9.0,13.0,5.0
386,14.0,,11.0,,20.0,13.0,,,15.0,,17.0,2.0,,12.0,,,,,14.0,,,,,13.0,,,9.0,,13.0,,,12.0,,18.0,,,9.0,24.0,6.0,15.0,,,,,9.0,,,10.0,8.0,16.0
387,13.0,,13.0,,16.0,17.0,,,12.0,,21.0,9.0,,11.0,,,,,10.0,,,,,9.0,,,16.0,,15.0,,,19.0,,12.0,,,7.0,5.0,6.0,13.0,,,,,15.0,,,13.0,18.0,13.0
388,12.0,,5.0,,15.0,12.0,,,7.0,,18.0,11.0,,14.0,,,,,12.0,,,,,13.0,,,16.0,,5.0,,,16.0,,20.0,,,7.0,19.0,6.0,15.0,,,,,17.0,,,11.0,16.0,18.0
389,18.0,,16.0,,16.0,8.0,,,12.0,,18.0,6.0,,11.0,,,,,16.0,,,,,17.0,,,16.0,,13.0,,,14.0,,10.0,,,13.0,13.0,6.0,17.0,,,,,12.0,,,15.0,18.0,17.0
390,20.0,,14.0,,14.0,13.0,,,13.0,,3.0,17.0,,13.0,,,,,14.0,,,,,12.0,,,10.0,,14.0,,,14.0,,10.0,,,11.0,10.0,5.0,10.0,,,,,12.0,,,13.0,13.0,10.0
391,14.0,,16.0,,15.0,15.0,,,15.0,,11.0,20.0,,10.0,,,,,12.0,,,,,17.0,,,14.0,,12.0,,,13.0,,13.0,,,9.0,13.0,14.0,20.0,,,,,14.0,,,18.0,14.0,9.0
392,13.0,,12.0,,14.0,17.0,,,16.0,,14.0,12.0,,9.0,,,,,16.0,,,,,13.0,,,4.0,,11.0,,,10.0,,16.0,,,11.0,15.0,4.0,16.0,,,,,14.0,,,17.0,8.0,9.0
393,15.0,,4.0,,19.0,19.0,,,13.0,,10.0,16.0,,14.0,,,,,12.0,,,,,21.0,,,13.0,,10.0,,,17.0,,21.0,,,14.0,15.0,15.0,7.0,,,,,15.0,,,10.0,13.0,10.0
394,18.0,,16.0,,14.0,10.0,,,10.0,,7.0,11.0,,14.0,,,,,12.0,,,,,17.0,,,16.0,,12.0,,,17.0,,16.0,,,11.0,9.0,13.0,12.0,,,,,11.0,,,9.0,19.0,15.0
395,18.0,,13.0,,14.0,8.0,,,19.0,,11.0,14.0,,11.0,,,,,10.0,,,,,17.0,,,16.0,,20.0,,,20.0,,12.0,,,10.0,12.0,5.0,9.0,,,,,10.0,,,15.0,12.0,15.0
396,19.0,,13.0,,16.0,20.0,,,14.0,,16.0,19.0,,9.0,,,,,12.0,,,,,15.0,,,11.0,,11.0,,,18.0,,10.0,,,12.0,7.0,12.0,14.0,,,,,9.0,,,15.0,13.0,11.0
397,,,16.0,,,11.0,,,12.0,,16.0,11.0,,15.0,,,,,12.0,,,,,15.0,,,21.0,,8.0,,,14.0,,15.0,,,8.0,17.0,15.0,14.0,,,,,7.0,,,14.0,15.0,14.0
398,,,17.0,,,20.0,,,15.0,,8.0,11.0,,14.0,,,,,2.0,,,,,15.0,,,14.0,,18.0,,,15.0,,11.0,,,10.0,11.0,4.0,14.0,,,,,13.0,,,11.0,15.0,18.0
399,,,16.0,,,13.0,,,2.0,,16.0,10.0,,15.0,,,,,8.0,,,,,14.0,,,9.0,,18.0,,,13.0,,8.0,,,12.0,12.0,15.0,17.0,,,,,16.0,,,17.0,12.0,14.0
400,,,14.0,,,12.0,,,20.0,,15.0,15.0,,8.0,,,,,17.0,,,,,17.0,,,15.0,,20.0,,,15.0,,13.0,,,12.0,19.0,3.0,17.0,,,,,14.0,,,16.0,18.0,17.0
401,,,19.0,,,13.0,,,13.0,,16.0,19.0,,16.0,,,,,11.0,,,,,12.0,,,13.0,,12.0,,,14.0,,13.0,,,2.0,12.0,13.0,15.0,,,,,15.0,,,14.0,22.0,21.0
402,,,13.0,,,15.0,,,14.0,,7.0,17.0,,9.0,,,,,12.0,,,,,14.0,,,18.0,,10.0,,,12.0,,11.0,,,6.0,17.0,12.0,15.0,,,,,18.0,,,12.0,12.0,17.0
403,,,10.0,,,4.0,,,14.0,,1.0,14.0,,20.0,,,,,17.0,,,,,18.0,,,6.0,,16.0,,,15.0,,15.0,,,0.0,13.0,10.0,8.0,,,,,19.0,,,18.0,12.0,16.0
404,,,17.0,,,14.0,,,11.0,,13.0,7.0,,14.0,,,,,11.0,,,,,7.0,,,21.0,,16.0,,,16.0,,12.0,,,14.0,17.0,7.0,20.0,,,,,14.0,,,17.0,15.0,11.0
405,,,14.0,,,15.0,,,14.0,,5.0,13.0,,11.0,,,,,12.0,,,,,14.0,,,14.0,,9.0,,,,,15.0,,,6.0,9.0,8.0,15.0,,,,,17.0,,,17.0,18.0,18.0
406,,,8.0,,,11.0,,,14.0,,13.0,16.0,,11.0,,,,,2.0,,,,,16.0,,,14.0,,17.0,,,,,15.0,,,13.0,20.0,1.0,16.0,,,,,16.0,,,16.0,15.0,19.0
407,,,13.0,,,15.0,,,13.0,,15.0,21.0,,11.0,,,,,13.0,,,,,,,,7.0,,19.0,,,,,17.0,,,3.0,10.0,9.0,11.0,,,,,10.0,,,18.0,16.0,10.0
408,,,12.0,,,9.0,,,14.0,,5.0,11.0,,13.0,,,,,13.0,,,,,,,,11.0,,13.0,,,,,11.0,,,15.0,12.0,5.0,22.0,,,,,12.0,,,16.0,14.0,13.0
409,,,11.0,,,11.0,,,8.0,,15.0,10.0,,15.0,,,,,11.0,,,,,,,,13.0,,17.0,,,,,12.0,,,12.0,17.0,3.0,14.0,,,,,14.0,,,16.0,15.0,10.0
410,,,13.0,,,11.0,,,18.0,,13.0,11.0,,12.0,,,,,13.0,,,,,,,,16.0,,9.0,,,,,15.0,,,4.0,11.0,8.0,15.0,,,,,13.0,,,,18.0,16.0
411,,,9.0,,,18.0,,,15.0,,10.0,12.0,,13.0,,,,,18.0,,,,,,,,14.0,,-1.0,,,,,13.0,,,16.0,15.0,-1.0,16.0,,,,,16.0,,,,13.0,16.0
412,,,19.0,,,14.0,,,8.0,,10.0,18.0,,18.0,,,,,14.0,,,,,,,,10.0,,14.0,,,,,15.0,,,13.0,11.0,14.0,15.0,,,,,19.0,,,,14.0,18.0
413,,,16.0,,,7.0,,,17.0,,14.0,18.0,,,,,,,14.0,,,,,,,,12.0,,6.0,,,,,15.0,,,12.0,7.0,13.0,16.0,,,,,13.0,,,,16.0,9.0
414,,,16.0,,,16.0,,,11.0,,7.0,15.0,,,,,,,9.0,,,,,,,,5.0,,20.0,,,,,14.0,,,15.0,14.0,9.0,18.0,,,,,19.0,,,,17.0,16.0
415,,,14.0,,,20.0,,,9.0,,13.0,15.0,,,,,,,19.0,,,,,,,,14.0,,15.0,,,,,9.0,,,10.0,15.0,11.0,15.0,,,,,7.0,,,,14.0,16.0
416,,,15.0,,,13.0,,,18.0,,9.0,18.0,,,,,,,19.0,,,,,,,,9.0,,11.0,,,,,8.0,,,11.0,13.0,11.0,16.0,,,,,9.0,,,,21.0,19.0
417,,,19.0,,,11.0,,,10.0,,3.0,15.0,,,,,,,15.0,,,,,,,,13.0,,12.0,,,,,10.0,,,12.0,15.0,9.0,12.0,,,,,17.0,,,,13.0,16.0
418,,,8.0,,,9.0,,,14.0,,11.0,18.0,,,,,,,11.0,,,,,,,,10.0,,12.0,,,,,15.0,,,16.0,16.0,4.0,12.0,,,,,13.0,,,,15.0,18.0
419,,,14.0,,,12.0,,,13.0,,12.0,20.0,,,,,,,14.0,,,,,,,,13.0,,11.0,,,,,11.0,,,16.0,18.0,10.0,20.0,,,,,7.0,,,,10.0,
420,,,15.0,,,10.0,,,,,12.0,16.0,,,,,,,17.0,,,,,,,,17.0,,9.0,,,,,12.0,,,18.0,8.0,10.0,,,,,,17.0,,,,13.0,
421,,,10.0,,,6.0,,,,,4.0,17.0,,,,,,,18.0,,,,,,,,16.0,,16.0,,,,,13.0,,,16.0,13.0,12.0,,,,,,7.0,,,,17.0,
422,,,13.0,,,13.0,,,,,3.0,14.0,,,,,,,17.0,,,,,,,,13.0,,11.0,,,,,15.0,,,10.0,15.0,9.0,,,,,,14.0,,,,19.0,
423,,,17.0,,,11.0,,,,,11.0,20.0,,,,,,,18.0,,,,,,,,12.0,,4.0,,,,,15.0,,,14.0,11.0,15.0,,,,,,15.0,,,,14.0,
424,,,13.0,,,13.0,,,,,19.0,15.0,,,,,,,17.0,,,,,,,,9.0,,12.0,,,,,10.0,,,16.0,16.0,11.0,,,,,,17.0,,,,14.0,
425,,,12.0,,,10.0,,,,,9.0,16.0,,,,,,,16.0,,,,,,,,10.0,,13.0,,,,,15.0,,,17.0,15.0,13.0,,,,,,16.0,,,,19.0,
426,,,18.0,,,20.0,,,,,5.0,19.0,,,,,,,2.0,,,,,,,,7.0,,16.0,,,,,13.0,,,11.0,22.0,0.0,,,,,,22.0,,,,16.0,
427,,,15.0,,,2.0,,,,,12.0,17.0,,,,,,,13.0,,,,,,,,7.0,,16.0,,,,,8.0,,,5.0,12.0,3.0,,,,,,,,,,19.0,
428,,,7.0,,,17.0,,,,,15.0,14.0,,,,,,,19.0,,,,,,,,19.0,,10.0,,,,,17.0,,,13.0,8.0,10.0,,,,,,,,,,15.0,
429,,,13.0,,,16.0,,,,,14.0,14.0,,,,,,,10.0,,,,,,,,11.0,,17.0,,,,,13.0,,,12.0,14.0,11.0,,,,,,,,,,16.0,
430,,,18.0,,,15.0,,,,,16.0,11.0,,,,,,,19.0,,,,,,,,18.0,,6.0,,,,,12.0,,,10.0,16.0,2.0,,,,,,,,,,17.0,
431,,,8.0,,,7.0,,,,,19.0,22.0,,,,,,,12.0,,,,,,,,12.0,,14.0,,,,,16.0,,,11.0,13.0,13.0,,,,,,,,,,14.0,
432,,,16.0,,,19.0,,,,,22.0,10.0,,,,,,,17.0,,,,,,,,19.0,,16.0,,,,,12.0,,,18.0,12.0,11.0,,,,,,,,,,15.0,
433,,,16.0,,,7.0,,,,,14.0,11.0,,,,,,,1.0,,,,,,,,15.0,,12.0,,,,,19.0,,,6.0,13.0,8.0,,,,,,,,,,11.0,
434,,,3.0,,,16.0,,,,,10.0,12.0,,,,,,,13.0,,,,,,,,18.0,,5.0,,,,,16.0,,,14.0,16.0,12.0,,,,,,,,,,22.0,
435,,,18.0,,,15.0,,,,,15.0,13.0,,,,,,,19.0,,,,,,,,18.0,,16.0,,,,,11.0,,,12.0,19.0,7.0,,,,,,,,,,15.0,
436,,,12.0,,,14.0,,,,,16.0,19.0,,,,,,,12.0,,,,,,,,11.0,,19.0,,,,,,,,13.0,14.0,9.0,,,,,,,,,,20.0,
437,,,17.0,,,16.0,,,,,17.0,20.0,,,,,,,9.0,,,,,,,,16.0,,10.0,,,,,,,,15.0,11.0,1.0,,,,,,,,,,,
438,,,5.0,,,18.0,,,,,11.0,10.0,,,,,,,19.0,,,,,,,,9.0,,12.0,,,,,,,,16.0,14.0,4.0,,,,,,,,,,,
439,,,11.0,,,12.0,,,,,13.0,16.0,,,,,,,21.0,,,,,,,,21.0,,15.0,,,,,,,,16.0,19.0,12.0,,,,,,,,,,,
440,,,13.0,,,13.0,,,,,17.0,,,,,,,,,,,,,,,,14.0,,15.0,,,,,,,,7.0,16.0,9.0,,,,,,,,,,,
441,,,16.0,,,6.0,,,,,15.0,,,,,,,,,,,,,,,,4.0,,13.0,,,,,,,,9.0,17.0,15.0,,,,,,,,,,,
442,,,17.0,,,12.0,,,,,15.0,,,,,,,,,,,,,,,,14.0,,13.0,,,,,,,,21.0,21.0,2.0,,,,,,,,,,,
443,,,14.0,,,13.0,,,,,11.0,,,,,,,,,,,,,,,,6.0,,14.0,,,,,,,,12.0,,14.0,,,,,,,,,,,
444,,,11.0,,,9.0,,,,,15.0,,,,,,,,,,,,,,,,10.0,,12.0,,,,,,,,9.0,,16.0,,,,,,,,,,,
445,,,14.0,,,13.0,,,,,16.0,,,,,,,,,,,,,,,,20.0,,18.0,,,,,,,,15.0,,3.0,,,,,,,,,,,
446,,,9.0,,,7.0,,,,,19.0,,,,,,,,,,,,,,,,12.0,,15.0,,,,,,,,12.0,,10.0,,,,,,,,,,,
447,,,9.0,,,17.0,,,,,17.0,,,,,,,,,,,,,,,,12.0,,19.0,,,,,,,,10.0,,9.0,,,,,,,,,,,
448,,,15.0,,,14.0,,,,,13.0,,,,,,,,,,,,,,,,18.0,,13.0,,,,,,,,11.0,,3.0,,,,,,,,,,,
449,,,15.0,,,12.0,,,,,10.0,,,,,,,,,,,,,,,,21.0,,16.0,,,,,,,,17.0,,8.0,,,,,,,,,,,
450,,,9.0,,,9.0,,,,,9.0,,,,,,,,,,,,,,,,17.0,,13.0,,,,,,,,10.0,,11.0,,,,,,,,,,,
451,,,19.0,,,8.0,,,,,13.0,,,,,,,,,,,,,,,,20.0,,,,,,,,,,15.0,,10.0,,,,,,,,,,,
452,,,18.0,,,15.0,,,,,10.0,,,,,,,,,,,,,,,,15.0,,,,,,,,,,9.0,,11.0,,,,,,,,,,,
453,,,16.0,,,15.0,,,,,3.0,,,,,,,,,,,,,,,,18.0,,,,,,,,,,10.0,,16.0,,,,,,,,,,,
454,,,,,,14.0,,,,,14.0,,,,,,,,,,,,,,,,11.0,,,,,,,,,,13.0,,13.0,,,,,,,,,,,
455,,,,,,11.0,,,,,16.0,,,,,,,,,,,,,,,,16.0,,,,,,,,,,12.0,,10.0,,,,,,,,,,,
456,,,,,,16.0,,,,,17.0,,,,,,,,,,,,,,,,,,,,,,,,,,13.0,,5.0,,,,,,,,,,,
457,,,,,,13.0,,,,,21.0,,,,,,,,,,,,,,,,,,,,,,,,,,13.0,,9.0,,,,,,,,,,,
458,,,,,,12.0,,,,,11.0,,,,,,,,,,,,,,,,,,,,,,,,,,15.0,,9.0,,,,,,,,,,,
459,,,,,,10.0,,,,,12.0,,,,,,,,,,,,,,,,,,,,,,,,,,16.0,,2.0,,,,,,,,,,,
460,,,,,,13.0,,,,,17.0,,,,,,,,,,,,,,,,,,,,,,,,,,18.0,,12.0,,,,,,,,,,,
461,,,,,,7.0,,,,,16.0,,,,,,,,,,,,,,,,,,,,,,,,,,13.0,,5.0,,,,,,,,,,,
462,,,,,,2.0,,,,,9.0,,,,,,,,,,,,,,,,,,,,,,,,,,17.0,,9.0,,,,,,,,,,,
463,,,,,,21.0,,,,,18.0,,,,,,,,,,,,,,,,,,,,,,,,,,11.0,,6.0,,,,,,,,,,,
464,,,,,,13.0,,,,,13.0,,,,,,,,,,,,,,,,,,,,,,,,,,15.0,,10.0,,,,,,,,,,,
465,,,,,,18.0,,,,,18.0,,,,,,,,,,,,,,,,,,,,,,,,,,11.0,,4.0,,,,,,,,,,,
466,,,,,,12.0,,,,,17.0,,,,,,,,,,,,,,,,,,,,,,,,,,9.0,,7.0,,,,,,,,,,,
467,,,,,,15.0,,,,,18.0,,,,,,,,,,,,,,,,,,,,,,,,,,5.0,,16.0,,,,,,,,,,,
468,,,,,,17.0,,,,,9.0,,,,,,,,,,,,,,,,,,,,,,,,,,9.0,,9.0,,,,,,,,,,,
469,,,,,,22.0,,,,,12.0,,,,,,,,,,,,,,,,,,,,,,,,,,8.0,,15.0,,,,,,,,,,,
470,,,,,,16.0,,,,,15.0,,,,,,,,,,,,,,,,,,,,,,,,,,17.0,,8.0,,,,,,,,,,,
471,,,,,,,,,,,17.0,,,,,,,,,,,,,,,,,,,,,,,,,,9.0,,13.0,,,,,,,,,,,
472,,,,,,,,,,,12.0,,,,,,,,,,,,,,,,,,,,,,,,,,7.0,,1.0,,,,,,,,,,,
473,,,,,,,,,,,18.0,,,,,,,,,,,,,,,,,,,,,,,,,,16.0,,12.0,,,,,,,,,,,
474,,,,,,,,,,,18.0,,,,,,,,,,,,,,,,,,,,,,,,,,13.0,,14.0,,,,,,,,,,,
475,,,,,,,,,,,18.0,,,,,,,,,,,,,,,,,,,,,,,,,,14.0,,16.0,,,,,,,,,,,
476,,,,,,,,,,,9.0,,,,,,,,,,,,,,,,,,,,,,,,,,17.0,,13.0,,,,,,,,,,,
477,,,,,,,,,,,21.0,,,,,,,,,,,,,,,,,,,,,,,,,,13.0,,3.0,,,,,,,,,,,
478,,,,,,,,,,,12.0,,,,,,,,,,,,,,,,,,,,,,,,,,8.0,,12.0,,,,,,,,,,,
479,,,,,,,,,,,10.0,,,,,,,,,,,,,,,,,,,,,,,,,,11.0,,15.0,,,,,,,,,,,
480,,,,,,,,,,,16.0,,,,,,,,,,,,,,,,,,,,,,,,,,11.0,,18.0,,,,,,,,,,,
481,,,,,,,,,,,13.0,,,,,,,,,,,,,,,,,,,,,,,,,,11.0,,11.0,,,,,,,,,,,
482,,,,,,,,,,,7.0,,,,,,,,,,,,,,,,,,,,,,,,,,12.0,,9.0,,,,,,,,,,,
483,,,,,,,,,,,14.0,,,,,,,,,,,,,,,,,,,,,,,,,,18.0,,11.0,,,,,,,,,,,
484,,,,,,,,,,,14.0,,,,,,,,,,,,,,,,,,,,,,,,,,14.0,,17.0,,,,,,,,,,,
485,,,,,,,,,,,11.0,,,,,,,,,,,,,,,,,,,,,,,,,,12.0,,17.0,,,,,,,,,,,
486,,,,,,,,,,,12.0,,,,,,,,,,,,,,,,,,,,,,,,,,9.0,,13.0,,,,,,,,,,,
487,,,,,,,,,,,17.0,,,,,,,,,,,,,,,,,,,,,,,,,,14.0,,8.0,,,,,,,,,,,
488,,,,,,,,,,,18.0,,,,,,,,,,,,,,,,,,,,,,,,,,12.0,,5.0,,,,,,,,,,,
489,,,,,,,,,,,16.0,,,,,,,,,,,,,,,,,,,,,,,,,,13.0,,9.0,,,,,,,,,,,
490,,,,,,,,,,,16.0,,,,,,,,,,,,,,,,,,,,,,,,,,13.0,,12.0,,,,,,,,,,,
491,,,,,,,,,,,14.0,,,,,,,,,,,,,,,,,,,,,,,,,,11.0,,16.0,,,,,,,,,,,
492,,,,,,,,,,,,,,,,,,,,,,,,,,,,,,,,,,,,,8.0,,11.0,,,,,,,,,,,
493,,,,,,,,,,,,,,,,,,,,,,,,,,,,,,,,,,,,,17.0,,13.0,,,,,,,,,,,
494,,,,,,,,,,,,,,,,,,,,,,,,,,,,,,,,,,,,,17.0,,10.0,,,,,,,,,,,
495,,,,,,,,,,,,,,,,,,,,,,,,,,,,,,,,,,,,,13.0,,12.0,,,,,,,,,,,
496,,,,,,,,,,,,,,,,,,,,,,,,,,,,,,,,,,,,,13.0,,23.0,,,,,,,,,,,
497,,,,,,,,,,,,,,,,,,,,,,,,,,,,,,,,,,,,,12.0,,14.0,,,,,,,,,,,
498,,,,,,,,,,,,,,,,,,,,,,,,,,,,,,,,,,,,,16.0,,7.0,,,,,,,,,,,
499,,,,,,,,,,,,,,,,,,,,,,,,,,,,,,,,,,,,,13.0,,11.0,,,,,,,,,,,
500,,,,,,,,,,,,,,,,,,,,,,,,,,,,,,,,,,,,,9.0,,22.0,,,,,,,,,,,
501,,,,,,,,,,,,,,,,,,,,,,,,,,,,,,,,,,,,,12.0,,5.0,,,,,,,,,,,
502,,,,,,,,,,,,,,,,,,,,,,,,,,,,,,,,,,,,,18.0,,15.0,,,,,,,,,,,
503,,,,,,,,,,,,,,,,,,,,,,,,,,,,,,,,,,,,,15.0,,15.0,,,,,,,,,,,
504,,,,,,,,,,,,,,,,,,,,,,,,,,,,,,,,,,,,,14.0,,17.0,,,,,,,,,,,
505,,,,,,,,,,,,,,,,,,,,,,,,,,,,,,,,,,,,,7.0,,13.0,,,,,,,,,,,
506,,,,,,,,,,,,,,,,,,,,,,,,,,,,,,,,,,,,,17.0,,12.0,,,,,,,,,,,
507,,,,,,,,,,,,,,,,,,,,,,,,,,,,,,,,,,,,,20.0,,10.0,,,,,,,,,,,
508,,,,,,,,,,,,,,,,,,,,,,,,,,,,,,,,,,,,,14.0,,18.0,,,,,,,,,,,
509,,,,,,,,,,,,,,,,,,,,,,,,,,,,,,,,,,,,,10.0,,13.0,,,,,,,,,,,
510,,,,,,,,,,,,,,,,,,,,,,,,,,,,,,,,,,,,,7.0,,10.0,,,,,,,,,,,
511,,,,,,,,,,,,,,,,,,,,,,,,,,,,,,,,,,,,,17.0,,11.0,,,,,,,,,,,
512,,,,,,,,,,,,,,,,,,,,,,,,,,,,,,,,,,,,,13.0,,8.0,,,,,,,,,,,
513,,,,,,,,,,,,,,,,,,,,,,,,,,,,,,,,,,,,,18.0,,12.0,,,,,,,,,,,
514,,,,,,,,,,,,,,,,,,,,,,,,,,,,,,,,,,,,,18.0,,14.0,,,,,,,,,,,
515,,,,,,,,,,,,,,,,,,,,,,,,,,,,,,,,,,,,,7.0,,10.0,,,,,,,,,,,
516,,,,,,,,,,,,,,,,,,,,,,,,,,,,,,,,,,,,,14.0,,11.0,,,,,,,,,,,
517,,,,,,,,,,,,,,,,,,,,,,,,,,,,,,,,,,,,,11.0,,0.0,,,,,,,,,,,
518,,,,,,,,,,,,,,,,,,,,,,,,,,,,,,,,,,,,,20.0,,17.0,,,,,,,,,,,
519,,,,,,,,,,,,,,,,,,,,,,,,,,,,,,,,,,,,,11.0,,10.0,,,,,,,,,,,
520,,,,,,,,,,,,,,,,,,,,,,,,,,,,,,,,,,,,,14.0,,9.0,,,,,,,,,,,
521,,,,,,,,,,,,,,,,,,,,,,,,,,,,,,,,,,,,,10.0,,15.0,,,,,,,,,,,
522,,,,,,,,,,,,,,,,,,,,,,,,,,,,,,,,,,,,,16.0,,15.0,,,,,,,,,,,
523,,,,,,,,,,,,,,,,,,,,,,,,,,,,,,,,,,,,,14.0,,20.0,,,,,,,,,,,
524,,,,,,,,,,,,,,,,,,,,,,,,,,,,,,,,,,,,,13.0,,13.0,,,,,,,,,,,
525,,,,,,,,,,,,,,,,,,,,,,,,,,,,,,,,,,,,,17.0,,15.0,,,,,,,,,,,
526,,,,,,,,,,,,,,,,,,,,,,,,,,,,,,,,,,,,,13.0,,16.0,,,,,,,,,,,
527,,,,,,,,,,,,,,,,,,,,,,,,,,,,,,,,,,,,,14.0,,15.0,,,,,,,,,,,
528,,,,,,,,,,,,,,,,,,,,,,,,,,,,,,,,,,,,,17.0,,11.0,,,,,,,,,,,
529,,,,,,,,,,,,,,,,,,,,,,,,,,,,,,,,,,,,,16.0,,12.0,,,,,,,,,,,
530,,,,,,,,,,,,,,,,,,,,,,,,,,,,,,,,,,,,,13.0,,13.0,,,,,,,,,,,
531,,,,,,,,,,,,,,,,,,,,,,,,,,,,,,,,,,,,,15.0,,19.0,,,,,,,,,,,
532,,,,,,,,,,,,,,,,,,,,,,,,,,,,,,,,,,,,,,,14.0,,,,,,,,,,,
533,,,,,,,,,,,,,,,,,,,,,,,,,,,,,,,,,,,,,,,11.0,,,,,,,,,,,
534,,,,,,,,,,,,,,,,,,,,,,,,,,,,,,,,,,,,,,,15.0,,,,,,,,,,,
535,,,,,,,,,,,,,,,,,,,,,,,,,,,,,,,,,,,,,,,11.0,,,,,,,,,,,
536,,,,,,,,,,,,,,,,,,,,,,,,,,,,,,,,,,,,,,,16.0,,,,,,,,,,,
537,,,,,,,,,,,,,,,,,,,,,,,,,,,,,,,,,,,,,,,18.0,,,,,,,,,,,
538,,,,,,,,,,,,,,,,,,,,,,,,,,,,,,,,,,,,,,,14.0,,,,,,,,,,,
539,,,,,,,,,,,,,,,,,,,,,,,,,,,,,,,,,,,,,,,11.0,,,,,,,,,,,
540,,,,,,,,,,,,,,,,,,,,,,,,,,,,,,,,,,,,,,,8.0,,,,,,,,,,,
541,,,,,,,,,,,,,,,,,,,,,,,,,,,,,,,,,,,,,,,23.0,,,,,,,,,,,
542,,,,,,,,,,,,,,,,,,,,,,,,,,,,,,,,,,,,,,,13.0,,,,,,,,,,,
543,,,,,,,,,,,,,,,,,,,,,,,,,,,,,,,,,,,,,,,13.0,,,,,,,,,,,
544,,,,,,,,,,,,,,,,,,,,,,,,,,,,,,,,,,,,,,,11.0,,,,,,,,,,,
545,,,,,,,,,,,,,,,,,,,,,,,,,,,,,,,,,,,,,,,18.0,,,,,,,,,,,
546,,,,,,,,,,,,,,,,,,,,,,,,,,,,,,,,,,,,,,,13.0,,,,,,,,,,,
547,,,,,,,,,,,,,,,,,,,,,,,,,,,,,,,,,,,,,,,11.0,,,,,,,,,,,
548,,,,,,,,,,,,,,,,,,,,,,,,,,,,,,,,,,,,,,,16.0,,,,,,,,,,,
549,,,,,,,,,,,,,,,,,,,,,,,,,,,,,,,,,,,,,,,16.0,,,,,,,,,,,
550,,,,,,,,,,,,,,,,,,,,,,,,,,,,,,,,,,,,,,,15.0,,,,,,,,,,,
551,,,,,,,,,,,,,,,,,,,,,,,,,,,,,,,,,,,,,,,10.0,,,,,,,,,,,
552,,,,,,,,,,,,,,,,,,,,,,,,,,,,,,,,,,,,,,,16.0,,,,,,,,,,,
553,,,,,,,,,,,,,,,,,,,,,,,,,,,,,,,,,,,,,,,14.0,,,,,,,,,,,
554,,,,,,,,,,,,,,,,,,,,,,,,,,,,,,,,,,,,,,,7.0,,,,,,,,,,,
555,,,,,,,,,,,,,,,,,,,,,,,,,,,,,,,,,,,,,,,9.0,,,,,,,,,,,
556,,,,,,,,,,,,,,,,,,,,,,,,,,,,,,,,,,,,,,,15.0,,,,,,,,,,,
557,,,,,,,,,,,,,,,,,,,,,,,,,,,,,,,,,,,,,,,14.0,,,,,,,,,,,
558,,,,,,,,,,,,,,,,,,,,,,,,,,,,,,,,,,,,,,,16.0,,,,,,,,,,,
559,,,,,,,,,,,,,,,,,,,,,,,,,,,,,,,,,,,,,,,17.0,,,,,,,,,,,
560,,,,,,,,,,,,,,,,,,,,,,,,,,,,,,,,,,,,,,,13.0,,,,,,,,,,,
561,,,,,,,,,,,,,,,,,,,,,,,,,,,,,,,,,,,,,,,16.0,,,,,,,,,,,
562,,,,,,,,,,,,,,,,,,,,,,,,,,,,,,,,,,,,,,,10.0,,,,,,,,,,,
563,,,,,,,,,,,,,,,,,,,,,,,,,,,,,,,,,,,,,,,15.0,,,,,,,,,,,
564,,,,,,,,,,,,,,,,,,,,,,,,,,,,,,,,,,,,,,,15.0,,,,,,,,,,,
565,,,,,,,,,,,,,,,,,,,,,,,,,,,,,,,,,,,,,,,13.0,,,,,,,,,,,
566,,,,,,,,,,,,,,,,,,,,,,,,,,,,,,,,,,,,,,,10.0,,,,,,,,,,,
567,,,,,,,,,,,,,,,,,,,,,,,,,,,,,,,,,,,,,,,15.0,,,,,,,,,,,
568,,,,,,,,,,,,,,,,,,,,,,,,,,,,,,,,,,,,,,,15.0,,,,,,,,,,,
569,,,,,,,,,,,,,,,,,,,,,,,,,,,,,,,,,,,,,,,13.0,,,,,,,,,,,
570,,,,,,,,,,,,,,,,,,,,,,,,,,,,,,,,,,,,,,,15.0,,,,,,,,,,,
571,,,,,,,,,,,,,,,,,,,,,,,,,,,,,,,,,,,,,,,15.0,,,,,,,,,,,
572,,,,,,,,,,,,,,,,,,,,,,,,,,,,,,,,,,,,,,,11.0,,,,,,,,,,,
