,0,1,2,3,4,5,6,7,8,9,10
0,0.0,0.0,0.0,-1.0,-1.0,-1.0,0.0,-2.0,1.0,0.0,-1.0
1,-1.0,0.0,3.0,1.0,-1.0,1.0,1.0,1.0,1.0,1.0,1.0
2,0.0,1.0,1.0,-1.0,0.0,1.0,1.0,0.0,-1.0,3.0,1.0
3,1.0,0.0,0.0,-1.0,0.0,1.0,0.0,0.0,0.0,1.0,-1.0
4,1.0,-2.0,1.0,-1.0,3.0,1.0,0.0,2.0,-1.0,0.0,0.0
5,1.0,1.0,2.0,1.0,-1.0,1.0,0.0,0.0,-4.0,0.0,0.0
6,3.0,2.0,0.0,1.0,0.0,1.0,2.0,0.0,-1.0,0.0,0.0
7,-4.0,1.0,0.0,-1.0,0.0,0.0,-1.0,2.0,0.0,3.0,0.0
8,-2.0,4.0,-1.0,0.0,1.0,0.0,1.0,1.0,0.0,2.0,0.0
9,-3.0,2.0,-1.0,0.0,3.0,0.0,1.0,0.0,0.0,1.0,0.0
10,0.0,-2.0,0.0,-1.0,2.0,0.0,1.0,1.0,1.0,0.0,-1.0
11,0.0,3.0,-1.0,3.0,3.0,2.0,0.0,1.0,0.0,0.0,-1.0
12,1.0,0.0,-3.0,0.0,4.0,1.0,1.0,-1.0,1.0,0.0,2.0
13,-1.0,4.0,2.0,1.0,1.0,1.0,0.0,-3.0,0.0,1.0,-1.0
14,-1.0,4.0,-1.0,1.0,1.0,-1.0,1.0,-1.0,1.0,0.0,0.0
15,2.0,0.0,0.0,-1.0,1.0,-2.0,-1.0,0.0,1.0,-3.0,-1.0
16,5.0,2.0,1.0,1.0,1.0,2.0,1.0,-1.0,1.0,-1.0,0.0
17,5.0,1.0,1.0,1.0,2.0,0.0,0.0,0.0,1.0,2.0,-2.0
18,3.0,0.0,3.0,3.0,1.0,1.0,2.0,0.0,0.0,-1.0,0.0
19,3.0,0.0,0.0,2.0,0.0,4.0,0.0,0.0,-1.0,0.0,-1.0
20,3.0,3.0,3.0,2.0,-1.0,0.0,0.0,0.0,3.0,0.0,-1.0
21,5.0,2.0,2.0,2.0,2.0,4.0,2.0,-1.0,3.0,1.0,-1.0
22,1.0,0.0,2.0,3.0,3.0,3.0,1.0,-1.0,1.0,1.0,0.0
23,-1.0,-1.0,5.0,2.0,1.0,-1.0,10.0,0.0,3.0,3.0,0.0
24,0.0,-2.0,1.0,1.0,4.0,2.0,3.0,3.0,2.0,0.0,3.0
25,1.0,0.0,6.0,2.0,4.0,2.0,-1.0,0.0,4.0,-1.0,0.0
26,2.0,-4.0,0.0,2.0,8.0,5.0,2.0,0.0,2.0,1.0,-2.0
27,3.0,0.0,0.0,1.0,-1.0,3.0,0.0,2.0,3.0,1.0,1.0
28,5.0,1.0,0.0,1.0,5.0,0.0,0.0,-2.0,5.0,0.0,0.0
29,5.0,3.0,1.0,-2.0,2.0,1.0,2.0,-1.0,2.0,-4.0,-1.0
30,3.0,0.0,-1.0,1.0,0.0,3.0,0.0,-1.0,2.0,1.0,0.0
31,4.0,5.0,1.0,3.0,7.0,3.0,3.0,-1.0,6.0,3.0,-1.0
32,3.0,-1.0,5.0,1.0,8.0,-1.0,3.0,0.0,7.0,1.0,2.0
33,2.0,2.0,-1.0,0.0,1.0,0.0,1.0,0.0,3.0,3.0,-1.0
34,4.0,4.0,-1.0,6.0,2.0,3.0,1.0,1.0,5.0,-1.0,1.0
35,1.0,6.0,2.0,2.0,2.0,-1.0,4.0,0.0,2.0,5.0,0.0
36,4.0,6.0,2.0,0.0,7.0,0.0,2.0,-1.0,0.0,1.0,0.0
37,5.0,4.0,3.0,7.0,1.0,1.0,4.0,-1.0,8.0,1.0,2.0
38,4.0,0.0,-1.0,10.0,4.0,-1.0,5.0,0.0,4.0,2.0,2.0
39,4.0,1.0,2.0,4.0,2.0,0.0,3.0,0.0,2.0,1.0,0.0
40,2.0,1.0,7.0,8.0,5.0,-1.0,3.0,-1.0,7.0,-1.0,1.0
41,4.0,2.0,5.0,8.0,5.0,0.0,0.0,1.0,4.0,1.0,2.0
42,9.0,2.0,-1.0,1.0,3.0,3.0,3.0,1.0,3.0,2.0,2.0
43,0.0,2.0,3.0,0.0,9.0,2.0,4.0,-2.0,6.0,0.0,2.0
44,2.0,4.0,-1.0,4.0,5.0,7.0,3.0,0.0,8.0,-1.0,0.0
45,7.0,3.0,6.0,5.0,1.0,0.0,3.0,-1.0,9.0,-3.0,4.0
46,5.0,4.0,0.0,8.0,10.0,3.0,1.0,0.0,8.0,2.0,-2.0
47,7.0,4.0,4.0,3.0,0.0,1.0,3.0,0.0,4.0,1.0,0.0
48,7.0,4.0,4.0,9.0,1.0,4.0,2.0,-1.0,10.0,0.0,0.0
49,8.0,4.0,6.0,5.0,4.0,3.0,0.0,-1.0,3.0,2.0,1.0
50,6.0,2.0,0.0,7.0,4.0,2.0,4.0,-3.0,10.0,8.0,1.0
51,8.0,1.0,1.0,1.0,7.0,2.0,2.0,1.0,10.0,1.0,3.0
52,5.0,9.0,6.0,4.0,5.0,6.0,-1.0,1.0,4.0,2.0,2.0
53,1.0,5.0,4.0,8.0,5.0,3.0,0.0,2.0,9.0,3.0,3.0
54,6.0,1.0,6.0,9.0,2.0,0.0,2.0,-1.0,1.0,7.0,6.0
55,2.0,2.0,5.0,4.0,1.0,-1.0,1.0,-1.0,6.0,0.0,3.0
56,9.0,2.0,2.0,4.0,2.0,6.0,3.0,1.0,6.0,1.0,4.0
57,1.0,0.0,4.0,11.0,2.0,3.0,0.0,-1.0,2.0,5.0,4.0
58,6.0,4.0,6.0,5.0,7.0,5.0,4.0,-1.0,6.0,1.0,4.0
59,8.0,15.0,6.0,-1.0,4.0,1.0,1.0,-1.0,9.0,0.0,3.0
60,3.0,3.0,2.0,9.0,5.0,7.0,5.0,-2.0,7.0,3.0,9.0
61,14.0,2.0,-3.0,2.0,7.0,5.0,2.0,0.0,3.0,6.0,6.0
62,8.0,6.0,5.0,3.0,2.0,1.0,1.0,3.0,9.0,2.0,7.0
63,9.0,2.0,6.0,2.0,5.0,6.0,3.0,-1.0,6.0,4.0,1.0
64,13.0,0.0,5.0,10.0,10.0,8.0,2.0,-2.0,1.0,2.0,4.0
65,9.0,1.0,-1.0,7.0,8.0,2.0,3.0,-1.0,7.0,4.0,5.0
66,4.0,5.0,9.0,4.0,6.0,4.0,3.0,-1.0,5.0,3.0,0.0
67,8.0,3.0,-1.0,6.0,8.0,3.0,3.0,-1.0,7.0,1.0,4.0
68,3.0,4.0,-1.0,11.0,3.0,1.0,2.0,1.0,2.0,5.0,3.0
69,4.0,-1.0,-2.0,12.0,2.0,0.0,0.0,0.0,13.0,0.0,3.0
70,13.0,2.0,5.0,11.0,2.0,3.0,4.0,2.0,7.0,6.0,2.0
71,10.0,0.0,-2.0,2.0,17.0,0.0,4.0,-2.0,12.0,5.0,4.0
72,1.0,5.0,3.0,9.0,3.0,7.0,2.0,5.0,7.0,7.0,1.0
73,3.0,9.0,2.0,6.0,6.0,8.0,1.0,0.0,3.0,4.0,1.0
74,10.0,10.0,4.0,7.0,10.0,3.0,1.0,0.0,4.0,5.0,4.0
75,5.0,1.0,2.0,8.0,7.0,8.0,1.0,5.0,11.0,7.0,4.0
76,8.0,9.0,15.0,4.0,3.0,0.0,2.0,1.0,11.0,4.0,3.0
77,4.0,4.0,2.0,8.0,1.0,3.0,1.0,-4.0,12.0,0.0,4.0
78,1.0,1.0,13.0,10.0,3.0,4.0,7.0,-1.0,11.0,6.0,9.0
79,4.0,9.0,1.0,7.0,13.0,12.0,-3.0,2.0,6.0,7.0,7.0
80,6.0,4.0,2.0,5.0,13.0,2.0,0.0,-1.0,11.0,0.0,2.0
81,4.0,2.0,5.0,11.0,6.0,5.0,8.0,-1.0,4.0,-1.0,2.0
82,7.0,5.0,1.0,10.0,-2.0,6.0,5.0,1.0,9.0,8.0,2.0
83,5.0,0.0,4.0,13.0,0.0,10.0,4.0,-1.0,17.0,5.0,1.0
84,13.0,6.0,6.0,9.0,7.0,8.0,1.0,1.0,11.0,1.0,4.0
85,0.0,-1.0,3.0,5.0,12.0,9.0,0.0,-1.0,2.0,8.0,6.0
86,4.0,9.0,5.0,3.0,1.0,2.0,0.0,-2.0,0.0,1.0,1.0
87,1.0,3.0,2.0,7.0,10.0,7.0,1.0,-1.0,5.0,9.0,0.0
88,5.0,3.0,3.0,7.0,3.0,3.0,0.0,-3.0,1.0,9.0,10.0
89,7.0,4.0,1.0,3.0,8.0,7.0,3.0,3.0,12.0,15.0,8.0
90,5.0,9.0,9.0,9.0,13.0,6.0,5.0,0.0,6.0,7.0,4.0
91,-1.0,1.0,0.0,4.0,7.0,3.0,1.0,0.0,8.0,8.0,4.0
92,3.0,8.0,8.0,8.0,12.0,5.0,6.0,1.0,5.0,5.0,9.0
93,4.0,2.0,10.0,10.0,13.0,7.0,3.0,0.0,13.0,8.0,8.0
94,6.0,4.0,1.0,11.0,3.0,9.0,4.0,0.0,9.0,3.0,0.0
95,4.0,5.0,4.0,9.0,9.0,1.0,7.0,0.0,14.0,4.0,3.0
96,8.0,5.0,4.0,3.0,14.0,13.0,9.0,1.0,3.0,2.0,2.0
97,9.0,6.0,13.0,7.0,3.0,3.0,1.0,1.0,5.0,3.0,3.0
98,10.0,2.0,0.0,10.0,11.0,2.0,2.0,-1.0,7.0,8.0,10.0
99,11.0,4.0,0.0,7.0,8.0,6.0,4.0,0.0,11.0,5.0,1.0
100,4.0,3.0,0.0,7.0,0.0,0.0,1.0,3.0,15.0,0.0,8.0
101,1.0,5.0,12.0,6.0,9.0,7.0,8.0,3.0,14.0,12.0,13.0
102,10.0,4.0,7.0,4.0,2.0,11.0,8.0,-2.0,0.0,1.0,7.0
103,13.0,1.0,8.0,18.0,1.0,10.0,9.0,-1.0,8.0,8.0,1.0
104,16.0,4.0,4.0,3.0,8.0,4.0,4.0,0.0,9.0,6.0,3.0
105,7.0,4.0,6.0,13.0,4.0,7.0,3.0,-2.0,12.0,7.0,2.0
106,10.0,8.0,6.0,3.0,6.0,8.0,6.0,0.0,14.0,4.0,8.0
107,11.0,-2.0,1.0,12.0,14.0,3.0,3.0,2.0,4.0,4.0,9.0
108,8.0,5.0,5.0,16.0,6.0,7.0,0.0,-1.0,11.0,3.0,10.0
109,11.0,7.0,2.0,3.0,13.0,3.0,6.0,-1.0,11.0,4.0,8.0
110,15.0,8.0,11.0,3.0,9.0,4.0,3.0,1.0,14.0,4.0,4.0
111,3.0,4.0,2.0,6.0,7.0,12.0,4.0,-1.0,11.0,6.0,13.0
112,9.0,17.0,3.0,4.0,4.0,16.0,0.0,1.0,15.0,2.0,10.0
113,3.0,5.0,9.0,12.0,10.0,4.0,6.0,-1.0,14.0,9.0,4.0
114,6.0,11.0,6.0,10.0,4.0,3.0,4.0,1.0,4.0,8.0,6.0
115,11.0,4.0,15.0,1.0,2.0,6.0,3.0,2.0,14.0,10.0,3.0
116,10.0,7.0,5.0,10.0,9.0,1.0,3.0,-2.0,2.0,9.0,6.0
117,6.0,5.0,3.0,3.0,7.0,11.0,6.0,0.0,-1.0,10.0,8.0
118,13.0,9.0,9.0,11.0,8.0,3.0,4.0,1.0,6.0,14.0,5.0
119,1.0,7.0,2.0,11.0,7.0,11.0,1.0,0.0,6.0,1.0,7.0
120,8.0,11.0,14.0,14.0,11.0,4.0,7.0,6.0,6.0,7.0,10.0
121,11.0,5.0,11.0,10.0,13.0,12.0,1.0,2.0,18.0,3.0,10.0
122,13.0,10.0,6.0,10.0,2.0,2.0,4.0,1.0,3.0,8.0,13.0
123,10.0,7.0,12.0,9.0,12.0,8.0,6.0,2.0,2.0,8.0,6.0
124,10.0,13.0,1.0,13.0,8.0,-3.0,6.0,-1.0,6.0,10.0,10.0
125,11.0,2.0,1.0,2.0,11.0,7.0,1.0,7.0,10.0,5.0,4.0
126,13.0,7.0,7.0,10.0,10.0,8.0,3.0,4.0,2.0,8.0,12.0
127,13.0,10.0,3.0,10.0,3.0,3.0,2.0,4.0,6.0,6.0,4.0
128,13.0,10.0,1.0,7.0,3.0,3.0,10.0,0.0,13.0,2.0,10.0
129,15.0,13.0,4.0,10.0,10.0,3.0,1.0,1.0,9.0,5.0,7.0
130,5.0,16.0,11.0,6.0,7.0,10.0,5.0,1.0,8.0,11.0,4.0
131,11.0,7.0,6.0,14.0,9.0,7.0,1.0,2.0,14.0,12.0,6.0
132,9.0,5.0,6.0,13.0,8.0,10.0,1.0,3.0,19.0,1.0,8.0
133,8.0,14.0,8.0,8.0,10.0,1.0,0.0,9.0,6.0,9.0,10.0
134,3.0,1.0,4.0,14.0,2.0,6.0,0.0,1.0,13.0,11.0,9.0
135,2.0,8.0,13.0,10.0,10.0,3.0,1.0,4.0,6.0,12.0,12.0
136,3.0,10.0,5.0,10.0,0.0,3.0,1.0,0.0,16.0,2.0,11.0
137,12.0,4.0,19.0,8.0,9.0,11.0,1.0,3.0,8.0,2.0,16.0
138,13.0,15.0,10.0,6.0,11.0,5.0,0.0,4.0,7.0,11.0,10.0
139,8.0,5.0,6.0,6.0,9.0,9.0,5.0,1.0,6.0,10.0,7.0
140,14.0,13.0,8.0,7.0,14.0,3.0,5.0,5.0,16.0,11.0,15.0
141,15.0,10.0,9.0,13.0,8.0,10.0,2.0,1.0,15.0,8.0,7.0
142,14.0,0.0,15.0,6.0,4.0,3.0,10.0,4.0,16.0,4.0,11.0
143,7.0,8.0,7.0,16.0,10.0,3.0,0.0,3.0,11.0,14.0,8.0
144,11.0,7.0,6.0,17.0,9.0,3.0,3.0,7.0,13.0,13.0,13.0
145,8.0,7.0,6.0,14.0,6.0,4.0,1.0,3.0,11.0,8.0,1.0
146,8.0,7.0,3.0,13.0,2.0,12.0,2.0,13.0,22.0,17.0,3.0
147,7.0,7.0,11.0,11.0,12.0,8.0,5.0,3.0,8.0,2.0,12.0
148,11.0,16.0,12.0,3.0,9.0,6.0,2.0,6.0,13.0,3.0,10.0
149,7.0,9.0,10.0,9.0,13.0,9.0,2.0,1.0,20.0,5.0,6.0
150,8.0,5.0,7.0,9.0,8.0,10.0,4.0,7.0,10.0,6.0,4.0
151,20.0,6.0,13.0,4.0,17.0,5.0,2.0,8.0,15.0,2.0,4.0
152,9.0,6.0,15.0,11.0,8.0,6.0,3.0,1.0,12.0,2.0,2.0
153,11.0,1.0,0.0,11.0,12.0,11.0,9.0,2.0,7.0,7.0,2.0
154,16.0,11.0,10.0,13.0,4.0,10.0,-1.0,0.0,11.0,6.0,13.0
155,5.0,14.0,7.0,12.0,15.0,9.0,10.0,11.0,12.0,0.0,7.0
156,10.0,8.0,7.0,14.0,7.0,9.0,7.0,5.0,13.0,8.0,2.0
157,16.0,9.0,6.0,11.0,15.0,11.0,3.0,6.0,6.0,14.0,10.0
158,15.0,13.0,16.0,13.0,11.0,14.0,8.0,7.0,12.0,5.0,4.0
159,10.0,7.0,8.0,23.0,12.0,9.0,8.0,1.0,14.0,3.0,0.0
160,11.0,13.0,11.0,11.0,9.0,8.0,2.0,0.0,11.0,5.0,16.0
161,12.0,6.0,10.0,11.0,8.0,14.0,3.0,10.0,6.0,13.0,7.0
162,12.0,8.0,10.0,11.0,14.0,6.0,0.0,0.0,15.0,14.0,7.0
163,11.0,9.0,8.0,6.0,5.0,14.0,2.0,5.0,6.0,14.0,8.0
164,18.0,3.0,11.0,14.0,3.0,3.0,4.0,7.0,11.0,0.0,2.0
165,12.0,3.0,11.0,10.0,2.0,2.0,2.0,14.0,13.0,14.0,9.0
166,11.0,2.0,10.0,15.0,11.0,14.0,1.0,2.0,18.0,10.0,5.0
167,14.0,5.0,6.0,15.0,11.0,8.0,4.0,2.0,10.0,11.0,2.0
168,15.0,7.0,7.0,13.0,13.0,6.0,3.0,12.0,7.0,3.0,7.0
169,11.0,10.0,10.0,16.0,14.0,9.0,4.0,3.0,16.0,11.0,6.0
170,9.0,6.0,3.0,10.0,10.0,7.0,1.0,6.0,12.0,13.0,11.0
171,10.0,16.0,15.0,10.0,15.0,16.0,-1.0,7.0,14.0,18.0,7.0
172,11.0,8.0,13.0,16.0,12.0,8.0,2.0,0.0,14.0,5.0,1.0
173,10.0,12.0,7.0,6.0,6.0,6.0,0.0,10.0,20.0,8.0,6.0
174,15.0,2.0,4.0,14.0,14.0,19.0,7.0,10.0,17.0,10.0,5.0
175,13.0,8.0,13.0,14.0,10.0,6.0,6.0,5.0,12.0,20.0,5.0
176,10.0,3.0,12.0,17.0,10.0,8.0,1.0,0.0,5.0,7.0,9.0
177,7.0,18.0,6.0,12.0,10.0,7.0,2.0,4.0,13.0,8.0,9.0
178,11.0,9.0,15.0,4.0,15.0,5.0,1.0,11.0,12.0,16.0,14.0
179,18.0,13.0,13.0,19.0,4.0,11.0,2.0,6.0,7.0,13.0,6.0
180,10.0,12.0,12.0,6.0,6.0,9.0,2.0,7.0,3.0,3.0,9.0
181,18.0,9.0,10.0,14.0,11.0,6.0,0.0,8.0,14.0,17.0,12.0
182,13.0,13.0,14.0,17.0,18.0,10.0,2.0,0.0,13.0,2.0,11.0
183,18.0,19.0,7.0,13.0,9.0,14.0,5.0,14.0,3.0,8.0,7.0
184,14.0,13.0,12.0,17.0,9.0,11.0,9.0,15.0,16.0,12.0,7.0
185,15.0,10.0,14.0,15.0,22.0,9.0,7.0,3.0,14.0,13.0,6.0
186,16.0,3.0,13.0,14.0,16.0,4.0,2.0,5.0,20.0,16.0,9.0
187,10.0,5.0,14.0,10.0,17.0,7.0,5.0,3.0,19.0,15.0,7.0
188,5.0,9.0,16.0,13.0,12.0,12.0,5.0,0.0,7.0,16.0,9.0
189,11.0,10.0,8.0,13.0,10.0,12.0,5.0,2.0,10.0,18.0,14.0
190,8.0,7.0,11.0,9.0,10.0,8.0,4.0,10.0,15.0,9.0,9.0
191,15.0,12.0,7.0,6.0,13.0,13.0,2.0,5.0,15.0,3.0,4.0
192,6.0,5.0,14.0,19.0,7.0,10.0,11.0,8.0,12.0,13.0,13.0
193,10.0,6.0,11.0,11.0,4.0,1.0,1.0,5.0,11.0,9.0,10.0
194,17.0,9.0,8.0,12.0,18.0,11.0,2.0,14.0,17.0,11.0,10.0
195,13.0,3.0,13.0,14.0,11.0,11.0,7.0,4.0,14.0,9.0,12.0
196,12.0,14.0,11.0,13.0,11.0,10.0,7.0,8.0,10.0,13.0,4.0
197,18.0,7.0,13.0,19.0,17.0,13.0,3.0,8.0,18.0,15.0,4.0
198,16.0,16.0,14.0,13.0,13.0,9.0,6.0,9.0,11.0,17.0,3.0
199,1.0,10.0,13.0,15.0,16.0,4.0,15.0,2.0,17.0,9.0,7.0
200,17.0,9.0,7.0,17.0,14.0,6.0,0.0,4.0,10.0,5.0,7.0
201,13.0,12.0,11.0,16.0,16.0,12.0,6.0,12.0,18.0,5.0,4.0
202,13.0,6.0,13.0,20.0,12.0,11.0,4.0,12.0,12.0,15.0,5.0
203,10.0,13.0,13.0,6.0,11.0,7.0,8.0,7.0,25.0,11.0,4.0
204,16.0,11.0,13.0,9.0,8.0,8.0,5.0,10.0,10.0,7.0,15.0
205,16.0,14.0,12.0,7.0,11.0,15.0,4.0,5.0,13.0,18.0,8.0
206,6.0,10.0,10.0,10.0,10.0,14.0,7.0,5.0,11.0,8.0,6.0
207,14.0,14.0,4.0,8.0,8.0,10.0,0.0,15.0,4.0,11.0,12.0
208,14.0,9.0,16.0,15.0,15.0,8.0,5.0,3.0,17.0,16.0,6.0
209,15.0,12.0,7.0,8.0,6.0,3.0,7.0,10.0,12.0,11.0,7.0
210,1.0,11.0,14.0,16.0,19.0,15.0,2.0,8.0,15.0,0.0,7.0
211,11.0,3.0,17.0,15.0,16.0,10.0,9.0,5.0,15.0,16.0,6.0
212,7.0,6.0,2.0,9.0,20.0,8.0,8.0,11.0,10.0,11.0,3.0
213,1.0,10.0,12.0,16.0,9.0,6.0,4.0,7.0,11.0,14.0,10.0
214,16.0,0.0,12.0,5.0,9.0,5.0,2.0,6.0,12.0,14.0,9.0
215,14.0,3.0,9.0,19.0,14.0,15.0,8.0,2.0,15.0,1.0,10.0
216,12.0,8.0,14.0,14.0,11.0,5.0,1.0,1.0,8.0,8.0,7.0
217,13.0,9.0,9.0,14.0,14.0,17.0,5.0,12.0,11.0,16.0,13.0
218,15.0,11.0,7.0,7.0,6.0,13.0,2.0,15.0,15.0,0.0,1.0
219,10.0,4.0,3.0,15.0,7.0,11.0,6.0,10.0,13.0,12.0,6.0
220,14.0,0.0,11.0,8.0,10.0,7.0,5.0,5.0,15.0,17.0,11.0
221,14.0,4.0,18.0,16.0,16.0,12.0,7.0,12.0,6.0,11.0,4.0
222,12.0,7.0,10.0,10.0,17.0,12.0,11.0,6.0,11.0,9.0,11.0
223,15.0,8.0,11.0,12.0,19.0,15.0,7.0,7.0,9.0,12.0,13.0
224,9.0,20.0,10.0,17.0,18.0,6.0,10.0,4.0,15.0,6.0,7.0
225,18.0,7.0,15.0,11.0,17.0,11.0,8.0,11.0,19.0,12.0,1.0
226,20.0,5.0,17.0,9.0,10.0,9.0,9.0,15.0,17.0,15.0,3.0
227,16.0,-2.0,7.0,11.0,18.0,14.0,8.0,4.0,21.0,13.0,8.0
228,15.0,3.0,11.0,13.0,19.0,13.0,13.0,1.0,15.0,11.0,4.0
229,18.0,4.0,15.0,11.0,18.0,10.0,7.0,16.0,10.0,17.0,4.0
230,13.0,10.0,11.0,15.0,7.0,8.0,9.0,2.0,8.0,7.0,19.0
231,17.0,12.0,19.0,6.0,19.0,20.0,7.0,19.0,4.0,14.0,4.0
232,7.0,6.0,15.0,14.0,4.0,16.0,3.0,3.0,0.0,13.0,14.0
233,9.0,13.0,11.0,16.0,2.0,18.0,4.0,11.0,16.0,15.0,8.0
234,9.0,11.0,4.0,12.0,17.0,3.0,5.0,8.0,8.0,20.0,11.0
235,15.0,10.0,10.0,17.0,14.0,13.0,2.0,5.0,13.0,15.0,12.0
236,15.0,15.0,10.0,14.0,20.0,7.0,15.0,-1.0,13.0,20.0,11.0
237,15.0,16.0,5.0,14.0,21.0,7.0,13.0,6.0,8.0,12.0,15.0
238,14.0,4.0,7.0,13.0,14.0,17.0,3.0,11.0,15.0,12.0,18.0
239,9.0,10.0,8.0,14.0,16.0,14.0,7.0,5.0,8.0,13.0,11.0
240,15.0,10.0,18.0,21.0,15.0,12.0,1.0,7.0,16.0,13.0,11.0
241,11.0,9.0,5.0,4.0,15.0,7.0,10.0,10.0,12.0,13.0,10.0
242,5.0,5.0,19.0,9.0,16.0,8.0,7.0,14.0,4.0,20.0,13.0
243,11.0,14.0,19.0,13.0,17.0,14.0,8.0,9.0,5.0,14.0,0.0
244,12.0,16.0,15.0,16.0,14.0,16.0,9.0,10.0,13.0,8.0,7.0
245,9.0,15.0,5.0,14.0,11.0,15.0,11.0,6.0,14.0,9.0,7.0
246,10.0,6.0,12.0,18.0,7.0,15.0,3.0,14.0,6.0,14.0,16.0
247,16.0,9.0,9.0,9.0,15.0,16.0,10.0,12.0,12.0,10.0,8.0
248,20.0,10.0,15.0,14.0,6.0,14.0,5.0,2.0,13.0,17.0,6.0
249,18.0,9.0,10.0,11.0,11.0,1.0,10.0,14.0,7.0,9.0,6.0
250,17.0,13.0,15.0,9.0,6.0,14.0,14.0,15.0,15.0,17.0,12.0
251,17.0,14.0,10.0,4.0,12.0,15.0,14.0,6.0,14.0,12.0,16.0
252,17.0,4.0,16.0,11.0,0.0,12.0,10.0,12.0,17.0,15.0,6.0
253,14.0,14.0,10.0,14.0,7.0,9.0,6.0,5.0,13.0,19.0,4.0
254,16.0,11.0,4.0,15.0,14.0,10.0,10.0,7.0,18.0,15.0,10.0
255,14.0,6.0,14.0,12.0,10.0,12.0,18.0,14.0,12.0,10.0,11.0
256,8.0,11.0,10.0,16.0,8.0,14.0,1.0,5.0,14.0,7.0,9.0
257,18.0,13.0,14.0,12.0,9.0,13.0,15.0,13.0,11.0,12.0,7.0
258,8.0,15.0,13.0,16.0,9.0,4.0,8.0,11.0,12.0,11.0,17.0
259,20.0,0.0,13.0,11.0,17.0,17.0,8.0,12.0,10.0,17.0,11.0
260,9.0,10.0,14.0,3.0,15.0,16.0,7.0,16.0,16.0,13.0,18.0
261,15.0,5.0,7.0,10.0,19.0,4.0,3.0,14.0,10.0,17.0,10.0
262,14.0,10.0,11.0,13.0,9.0,17.0,11.0,15.0,15.0,12.0,4.0
263,14.0,19.0,5.0,5.0,14.0,10.0,13.0,14.0,14.0,13.0,5.0
264,9.0,10.0,15.0,17.0,19.0,18.0,3.0,2.0,9.0,16.0,12.0
265,15.0,16.0,18.0,9.0,7.0,4.0,7.0,15.0,6.0,8.0,8.0
266,18.0,11.0,10.0,7.0,18.0,13.0,0.0,15.0,6.0,17.0,13.0
267,9.0,12.0,14.0,7.0,6.0,16.0,0.0,6.0,6.0,9.0,14.0
268,18.0,13.0,11.0,16.0,14.0,17.0,5.0,3.0,12.0,5.0,8.0
269,7.0,14.0,19.0,9.0,19.0,15.0,-1.0,0.0,6.0,17.0,12.0
270,13.0,2.0,16.0,16.0,9.0,17.0,4.0,9.0,16.0,18.0,2.0
271,15.0,12.0,19.0,17.0,14.0,10.0,9.0,13.0,13.0,19.0,14.0
272,16.0,12.0,10.0,6.0,14.0,16.0,1.0,11.0,12.0,16.0,13.0
273,16.0,4.0,15.0,7.0,12.0,8.0,6.0,6.0,13.0,17.0,16.0
274,11.0,8.0,8.0,16.0,12.0,9.0,10.0,5.0,9.0,11.0,13.0
275,11.0,2.0,15.0,12.0,6.0,19.0,5.0,8.0,11.0,16.0,8.0
276,10.0,5.0,19.0,10.0,20.0,11.0,5.0,5.0,10.0,17.0,10.0
277,20.0,4.0,19.0,17.0,13.0,16.0,7.0,11.0,13.0,13.0,11.0
278,7.0,11.0,7.0,12.0,6.0,4.0,13.0,14.0,15.0,15.0,13.0
279,11.0,19.0,15.0,8.0,12.0,8.0,3.0,12.0,10.0,14.0,8.0
280,14.0,2.0,16.0,12.0,16.0,10.0,15.0,2.0,13.0,10.0,14.0
281,13.0,8.0,10.0,8.0,15.0,6.0,1.0,9.0,11.0,4.0,10.0
282,17.0,8.0,15.0,9.0,12.0,15.0,5.0,6.0,18.0,14.0,14.0
283,20.0,9.0,14.0,15.0,11.0,7.0,8.0,2.0,14.0,11.0,17.0
284,13.0,9.0,19.0,17.0,4.0,9.0,5.0,2.0,12.0,18.0,15.0
285,13.0,12.0,6.0,8.0,15.0,8.0,4.0,3.0,17.0,14.0,9.0
286,9.0,19.0,10.0,15.0,12.0,13.0,5.0,11.0,16.0,13.0,12.0
287,18.0,1.0,5.0,9.0,15.0,12.0,5.0,3.0,13.0,12.0,4.0
288,8.0,9.0,-1.0,12.0,22.0,13.0,8.0,11.0,10.0,14.0,9.0
289,13.0,13.0,12.0,18.0,14.0,14.0,14.0,9.0,12.0,13.0,12.0
290,19.0,9.0,12.0,20.0,10.0,14.0,8.0,13.0,16.0,9.0,16.0
291,,9.0,16.0,20.0,11.0,15.0,5.0,14.0,10.0,14.0,13.0
292,,6.0,18.0,9.0,13.0,13.0,1.0,4.0,18.0,20.0,11.0
293,,11.0,9.0,12.0,5.0,16.0,1.0,11.0,21.0,14.0,14.0
294,,7.0,2.0,7.0,3.0,16.0,3.0,15.0,16.0,15.0,5.0
295,,14.0,3.0,12.0,12.0,10.0,14.0,9.0,14.0,10.0,12.0
296,,6.0,9.0,5.0,12.0,7.0,2.0,18.0,18.0,16.0,17.0
297,,16.0,12.0,4.0,8.0,14.0,10.0,1.0,8.0,13.0,12.0
298,,8.0,13.0,13.0,14.0,18.0,8.0,5.0,10.0,11.0,9.0
299,,10.0,12.0,15.0,15.0,8.0,4.0,11.0,8.0,12.0,16.0
300,,12.0,13.0,13.0,16.0,11.0,7.0,13.0,21.0,13.0,11.0
301,,11.0,13.0,17.0,15.0,5.0,13.0,11.0,10.0,17.0,10.0
302,,11.0,6.0,16.0,7.0,11.0,10.0,13.0,18.0,18.0,9.0
303,,12.0,8.0,16.0,20.0,7.0,11.0,16.0,16.0,18.0,7.0
304,,7.0,17.0,15.0,2.0,10.0,12.0,16.0,12.0,11.0,14.0
305,,2.0,13.0,16.0,11.0,10.0,9.0,12.0,11.0,13.0,11.0
306,,4.0,4.0,11.0,9.0,10.0,8.0,16.0,20.0,23.0,15.0
307,,11.0,9.0,11.0,12.0,17.0,3.0,12.0,14.0,,7.0
308,,13.0,16.0,13.0,11.0,13.0,2.0,11.0,10.0,,9.0
309,,7.0,5.0,21.0,1.0,11.0,10.0,9.0,16.0,,2.0
310,,7.0,13.0,11.0,11.0,11.0,3.0,13.0,8.0,,15.0
311,,10.0,1.0,13.0,6.0,13.0,10.0,14.0,15.0,,8.0
312,,4.0,11.0,14.0,12.0,9.0,5.0,4.0,12.0,,11.0
313,,2.0,10.0,8.0,14.0,12.0,1.0,17.0,16.0,,6.0
314,,12.0,9.0,12.0,14.0,15.0,1.0,10.0,10.0,,12.0
315,,9.0,12.0,23.0,5.0,12.0,1.0,6.0,12.0,,12.0
316,,10.0,12.0,6.0,7.0,13.0,11.0,16.0,11.0,,12.0
317,,20.0,10.0,19.0,14.0,11.0,6.0,7.0,15.0,,6.0
318,,5.0,11.0,10.0,7.0,15.0,5.0,5.0,17.0,,1.0
319,,12.0,14.0,16.0,10.0,11.0,6.0,9.0,10.0,,5.0
320,,17.0,15.0,20.0,14.0,16.0,14.0,8.0,14.0,,9.0
321,,11.0,13.0,14.0,11.0,2.0,2.0,8.0,10.0,,7.0
322,,10.0,8.0,18.0,17.0,10.0,11.0,15.0,13.0,,2.0
323,,8.0,15.0,6.0,13.0,12.0,4.0,7.0,15.0,,4.0
324,,1.0,4.0,11.0,12.0,6.0,3.0,10.0,18.0,,5.0
325,,11.0,16.0,12.0,16.0,9.0,8.0,13.0,12.0,,7.0
326,,6.0,7.0,15.0,8.0,4.0,11.0,3.0,12.0,,12.0
327,,14.0,12.0,11.0,7.0,12.0,4.0,0.0,19.0,,1.0
328,,14.0,2.0,16.0,15.0,12.0,7.0,9.0,10.0,,3.0
329,,12.0,9.0,16.0,13.0,22.0,3.0,18.0,10.0,,9.0
330,,11.0,14.0,17.0,12.0,5.0,8.0,16.0,13.0,,4.0
331,,2.0,8.0,13.0,16.0,17.0,7.0,8.0,14.0,,3.0
332,,11.0,20.0,7.0,17.0,16.0,11.0,11.0,15.0,,11.0
333,,12.0,10.0,13.0,16.0,11.0,4.0,10.0,16.0,,1.0
334,,9.0,10.0,6.0,18.0,13.0,6.0,4.0,11.0,,9.0
335,,4.0,15.0,13.0,15.0,4.0,13.0,11.0,11.0,,13.0
336,,6.0,16.0,18.0,4.0,7.0,1.0,0.0,13.0,,13.0
337,,10.0,17.0,11.0,11.0,6.0,13.0,4.0,14.0,,8.0
338,,13.0,10.0,13.0,10.0,8.0,13.0,16.0,17.0,,4.0
339,,16.0,20.0,10.0,15.0,9.0,7.0,15.0,8.0,,10.0
340,,8.0,14.0,14.0,16.0,12.0,2.0,12.0,8.0,,9.0
341,,12.0,6.0,19.0,17.0,12.0,4.0,18.0,4.0,,8.0
342,,11.0,13.0,13.0,10.0,10.0,8.0,15.0,15.0,,10.0
343,,8.0,17.0,4.0,15.0,14.0,8.0,10.0,6.0,,0.0
344,,16.0,12.0,12.0,14.0,15.0,10.0,9.0,8.0,,4.0
345,,19.0,12.0,19.0,20.0,6.0,3.0,15.0,17.0,,6.0
346,,10.0,4.0,14.0,15.0,9.0,0.0,15.0,2.0,,13.0
347,,16.0,15.0,14.0,10.0,20.0,14.0,5.0,14.0,,14.0
348,,11.0,13.0,8.0,19.0,8.0,3.0,0.0,9.0,,8.0
349,,13.0,15.0,15.0,22.0,15.0,6.0,6.0,12.0,,8.0
350,,4.0,15.0,12.0,12.0,8.0,10.0,16.0,21.0,,10.0
351,,7.0,8.0,13.0,17.0,14.0,7.0,18.0,14.0,,2.0
352,,10.0,5.0,2.0,12.0,13.0,1.0,4.0,12.0,,3.0
353,,4.0,3.0,13.0,12.0,17.0,3.0,11.0,14.0,,7.0
354,,6.0,17.0,12.0,2.0,10.0,2.0,2.0,17.0,,8.0
355,,1.0,9.0,18.0,16.0,14.0,0.0,15.0,15.0,,2.0
356,,6.0,5.0,18.0,15.0,14.0,5.0,5.0,15.0,,12.0
357,,9.0,12.0,14.0,18.0,13.0,9.0,13.0,15.0,,12.0
358,,15.0,3.0,7.0,11.0,17.0,8.0,3.0,16.0,,10.0
359,,18.0,6.0,15.0,12.0,13.0,3.0,11.0,14.0,,14.0
360,,11.0,13.0,15.0,14.0,12.0,11.0,14.0,13.0,,14.0
361,,4.0,6.0,13.0,18.0,15.0,1.0,9.0,16.0,,7.0
362,,4.0,8.0,18.0,14.0,15.0,4.0,17.0,23.0,,7.0
363,,3.0,4.0,14.0,14.0,12.0,11.0,6.0,12.0,,10.0
364,,14.0,12.0,14.0,14.0,9.0,13.0,1.0,12.0,,11.0
365,,13.0,10.0,20.0,11.0,11.0,10.0,2.0,16.0,,5.0
366,,12.0,6.0,9.0,18.0,14.0,6.0,12.0,,,13.0
367,,17.0,8.0,10.0,21.0,14.0,10.0,11.0,,,18.0
368,,10.0,11.0,11.0,17.0,13.0,6.0,4.0,,,7.0
369,,1.0,16.0,19.0,12.0,9.0,6.0,10.0,,,12.0
370,,4.0,7.0,,18.0,13.0,9.0,13.0,,,18.0
371,,11.0,12.0,,7.0,15.0,10.0,1.0,,,8.0
372,,7.0,12.0,,18.0,19.0,14.0,8.0,,,5.0
373,,15.0,15.0,,14.0,4.0,3.0,16.0,,,1.0
374,,7.0,18.0,,18.0,16.0,4.0,10.0,,,1.0
375,,3.0,17.0,,7.0,16.0,1.0,1.0,,,13.0
376,,10.0,9.0,,15.0,5.0,6.0,2.0,,,7.0
377,,9.0,11.0,,18.0,5.0,1.0,7.0,,,9.0
378,,6.0,10.0,,10.0,10.0,3.0,12.0,,,10.0
379,,7.0,18.0,,15.0,11.0,13.0,19.0,,,15.0
380,,8.0,10.0,,20.0,14.0,9.0,16.0,,,8.0
381,,12.0,11.0,,2.0,13.0,5.0,14.0,,,12.0
382,,5.0,5.0,,20.0,19.0,8.0,1.0,,,12.0
383,,11.0,5.0,,13.0,15.0,9.0,14.0,,,9.0
384,,19.0,14.0,,14.0,16.0,9.0,0.0,,,17.0
385,,3.0,19.0,,9.0,14.0,3.0,15.0,,,13.0
386,,7.0,18.0,,21.0,19.0,10.0,9.0,,,12.0
387,,7.0,18.0,,1.0,12.0,10.0,11.0,,,8.0
388,,1.0,14.0,,12.0,15.0,5.0,9.0,,,2.0
389,,4.0,11.0,,5.0,7.0,12.0,4.0,,,13.0
390,,6.0,12.0,,17.0,13.0,7.0,9.0,,,11.0
391,,7.0,15.0,,11.0,16.0,15.0,5.0,,,9.0
392,,12.0,18.0,,11.0,17.0,10.0,0.0,,,2.0
393,,8.0,17.0,,18.0,5.0,7.0,9.0,,,5.0
394,,7.0,13.0,,15.0,16.0,12.0,19.0,,,10.0
395,,13.0,10.0,,15.0,15.0,0.0,15.0,,,17.0
396,,17.0,8.0,,8.0,14.0,8.0,15.0,,,6.0
397,,5.0,17.0,,19.0,12.0,10.0,6.0,,,10.0
398,,7.0,5.0,,,14.0,14.0,3.0,,,14.0
399,,3.0,15.0,,,16.0,10.0,8.0,,,15.0
400,,11.0,9.0,,,14.0,16.0,10.0,,,13.0
401,,5.0,15.0,,,15.0,4.0,14.0,,,11.0
402,,14.0,4.0,,,8.0,14.0,14.0,,,9.0
403,,15.0,12.0,,,17.0,7.0,0.0,,,15.0
404,,2.0,19.0,,,17.0,5.0,3.0,,,7.0
405,,10.0,14.0,,,13.0,12.0,-1.0,,,18.0
406,,4.0,7.0,,,10.0,2.0,12.0,,,14.0
407,,16.0,13.0,,,10.0,7.0,11.0,,,13.0
408,,4.0,21.0,,,15.0,9.0,6.0,,,14.0
409,,9.0,15.0,,,11.0,10.0,20.0,,,13.0
410,,9.0,15.0,,,15.0,10.0,14.0,,,10.0
411,,5.0,7.0,,,8.0,0.0,14.0,,,11.0
412,,10.0,11.0,,,12.0,4.0,1.0,,,6.0
413,,10.0,12.0,,,21.0,8.0,1.0,,,11.0
414,,5.0,13.0,,,12.0,8.0,12.0,,,15.0
415,,4.0,13.0,,,18.0,8.0,4.0,,,11.0
416,,9.0,11.0,,,8.0,5.0,8.0,,,10.0
417,,4.0,17.0,,,9.0,8.0,10.0,,,16.0
418,,10.0,16.0,,,10.0,8.0,14.0,,,15.0
419,,13.0,13.0,,,9.0,2.0,13.0,,,12.0
420,,4.0,15.0,,,11.0,9.0,15.0,,,4.0
421,,8.0,11.0,,,17.0,0.0,4.0,,,19.0
422,,8.0,7.0,,,13.0,10.0,8.0,,,16.0
423,,1.0,12.0,,,15.0,4.0,11.0,,,19.0
424,,4.0,4.0,,,12.0,3.0,13.0,,,22.0
425,,1.0,12.0,,,14.0,6.0,11.0,,,13.0
426,,6.0,2.0,,,20.0,5.0,8.0,,,13.0
427,,8.0,13.0,,,15.0,7.0,15.0,,,11.0
428,,11.0,13.0,,,18.0,8.0,13.0,,,10.0
429,,9.0,10.0,,,11.0,7.0,11.0,,,11.0
430,,16.0,6.0,,,11.0,9.0,5.0,,,17.0
431,,8.0,9.0,,,15.0,10.0,4.0,,,16.0
432,,13.0,13.0,,,22.0,7.0,15.0,,,11.0
433,,5.0,9.0,,,10.0,16.0,13.0,,,16.0
434,,4.0,13.0,,,16.0,8.0,2.0,,,14.0
435,,9.0,11.0,,,14.0,16.0,13.0,,,16.0
436,,5.0,12.0,,,21.0,9.0,8.0,,,6.0
437,,13.0,16.0,,,,7.0,16.0,,,10.0
438,,12.0,16.0,,,,11.0,3.0,,,14.0
439,,4.0,13.0,,,,9.0,0.0,,,18.0
440,,16.0,2.0,,,,4.0,14.0,,,9.0
441,,13.0,14.0,,,,1.0,14.0,,,12.0
442,,7.0,0.0,,,,11.0,13.0,,,10.0
443,,10.0,16.0,,,,0.0,6.0,,,11.0
444,,11.0,11.0,,,,0.0,11.0,,,20.0
445,,17.0,14.0,,,,8.0,13.0,,,13.0
446,,10.0,18.0,,,,10.0,3.0,,,14.0
447,,13.0,10.0,,,,12.0,5.0,,,16.0
448,,14.0,13.0,,,,2.0,4.0,,,10.0
449,,10.0,17.0,,,,6.0,13.0,,,15.0
450,,6.0,8.0,,,,13.0,10.0,,,12.0
451,,7.0,1.0,,,,1.0,17.0,,,17.0
452,,15.0,15.0,,,,0.0,0.0,,,16.0
453,,5.0,12.0,,,,5.0,11.0,,,12.0
454,,14.0,15.0,,,,4.0,8.0,,,14.0
455,,3.0,15.0,,,,3.0,19.0,,,10.0
456,,6.0,15.0,,,,2.0,3.0,,,16.0
457,,10.0,9.0,,,,10.0,18.0,,,7.0
458,,7.0,14.0,,,,8.0,13.0,,,15.0
459,,-3.0,11.0,,,,10.0,4.0,,,17.0
460,,11.0,11.0,,,,9.0,15.0,,,20.0
461,,9.0,11.0,,,,5.0,7.0,,,14.0
462,,11.0,10.0,,,,6.0,8.0,,,3.0
463,,11.0,6.0,,,,5.0,16.0,,,2.0
464,,5.0,17.0,,,,6.0,2.0,,,14.0
465,,6.0,13.0,,,,7.0,2.0,,,5.0
466,,5.0,12.0,,,,11.0,15.0,,,14.0
467,,1.0,11.0,,,,6.0,17.0,,,9.0
468,,2.0,4.0,,,,7.0,0.0,,,15.0
469,,5.0,18.0,,,,9.0,8.0,,,16.0
470,,3.0,11.0,,,,15.0,12.0,,,4.0
471,,9.0,14.0,,,,6.0,11.0,,,1.0
472,,5.0,5.0,,,,6.0,8.0,,,10.0
473,,0.0,9.0,,,,10.0,6.0,,,12.0
474,,10.0,11.0,,,,18.0,9.0,,,12.0
475,,4.0,18.0,,,,7.0,4.0,,,6.0
476,,8.0,8.0,,,,2.0,6.0,,,9.0
477,,15.0,20.0,,,,-2.0,15.0,,,14.0
478,,4.0,14.0,,,,4.0,2.0,,,10.0
479,,11.0,6.0,,,,7.0,9.0,,,18.0
480,,10.0,17.0,,,,3.0,3.0,,,10.0
481,,10.0,7.0,,,,7.0,4.0,,,16.0
482,,12.0,9.0,,,,2.0,3.0,,,7.0
483,,20.0,23.0,,,,8.0,10.0,,,8.0
484,,20.0,19.0,,,,4.0,9.0,,,13.0
485,,7.0,12.0,,,,12.0,8.0,,,9.0
486,,6.0,20.0,,,,5.0,2.0,,,15.0
487,,4.0,7.0,,,,10.0,6.0,,,4.0
488,,3.0,14.0,,,,12.0,10.0,,,13.0
489,,16.0,14.0,,,,15.0,11.0,,,8.0
490,,0.0,16.0,,,,12.0,7.0,,,9.0
491,,3.0,15.0,,,,9.0,5.0,,,12.0
492,,8.0,17.0,,,,12.0,11.0,,,16.0
493,,12.0,14.0,,,,2.0,8.0,,,1.0
494,,12.0,14.0,,,,2.0,4.0,,,8.0
495,,3.0,1.0,,,,12.0,11.0,,,16.0
496,,3.0,13.0,,,,10.0,5.0,,,9.0
497,,8.0,11.0,,,,10.0,12.0,,,8.0
498,,11.0,4.0,,,,0.0,3.0,,,6.0
499,,7.0,9.0,,,,5.0,16.0,,,8.0
500,,11.0,11.0,,,,9.0,18.0,,,10.0
501,,11.0,16.0,,,,7.0,6.0,,,15.0
502,,6.0,8.0,,,,5.0,11.0,,,11.0
503,,12.0,12.0,,,,5.0,0.0,,,13.0
504,,12.0,17.0,,,,4.0,2.0,,,6.0
505,,15.0,11.0,,,,4.0,0.0,,,13.0
506,,10.0,12.0,,,,9.0,13.0,,,17.0
507,,14.0,10.0,,,,2.0,10.0,,,11.0
508,,7.0,8.0,,,,8.0,7.0,,,14.0
509,,6.0,14.0,,,,4.0,14.0,,,5.0
510,,7.0,10.0,,,,3.0,6.0,,,10.0
511,,8.0,9.0,,,,6.0,14.0,,,10.0
512,,8.0,14.0,,,,0.0,14.0,,,9.0
513,,10.0,8.0,,,,8.0,14.0,,,17.0
514,,12.0,10.0,,,,6.0,20.0,,,14.0
515,,11.0,14.0,,,,11.0,5.0,,,5.0
516,,14.0,14.0,,,,5.0,11.0,,,13.0
517,,12.0,11.0,,,,10.0,14.0,,,10.0
518,,14.0,14.0,,,,0.0,15.0,,,16.0
519,,14.0,17.0,,,,1.0,13.0,,,17.0
520,,11.0,19.0,,,,0.0,3.0,,,11.0
521,,10.0,9.0,,,,10.0,1.0,,,18.0
522,,13.0,13.0,,,,7.0,12.0,,,9.0
523,,15.0,10.0,,,,11.0,9.0,,,12.0
524,,14.0,14.0,,,,5.0,12.0,,,8.0
525,,10.0,7.0,,,,13.0,12.0,,,11.0
526,,18.0,10.0,,,,3.0,10.0,,,2.0
527,,6.0,11.0,,,,16.0,14.0,,,8.0
528,,4.0,12.0,,,,9.0,13.0,,,12.0
529,,7.0,13.0,,,,5.0,6.0,,,19.0
530,,10.0,11.0,,,,2.0,14.0,,,20.0
531,,20.0,11.0,,,,6.0,4.0,,,14.0
532,,16.0,16.0,,,,7.0,13.0,,,7.0
533,,10.0,11.0,,,,9.0,16.0,,,13.0
534,,8.0,9.0,,,,11.0,12.0,,,6.0
535,,5.0,13.0,,,,5.0,7.0,,,17.0
536,,5.0,7.0,,,,11.0,9.0,,,8.0
537,,6.0,12.0,,,,9.0,1.0,,,7.0
538,,1.0,10.0,,,,14.0,13.0,,,12.0
539,,16.0,17.0,,,,15.0,6.0,,,14.0
540,,7.0,14.0,,,,16.0,1.0,,,9.0
541,,10.0,9.0,,,,10.0,12.0,,,9.0
542,,8.0,6.0,,,,10.0,9.0,,,5.0
543,,9.0,0.0,,,,12.0,15.0,,,8.0
544,,1.0,12.0,,,,17.0,8.0,,,16.0
545,,10.0,9.0,,,,8.0,11.0,,,12.0
546,,7.0,11.0,,,,15.0,5.0,,,10.0
547,,8.0,11.0,,,,7.0,3.0,,,9.0
548,,4.0,8.0,,,,8.0,1.0,,,13.0
549,,8.0,5.0,,,,11.0,-1.0,,,19.0
550,,4.0,6.0,,,,18.0,15.0,,,8.0
551,,6.0,6.0,,,,14.0,8.0,,,9.0
552,,11.0,10.0,,,,12.0,14.0,,,9.0
553,,9.0,15.0,,,,5.0,8.0,,,19.0
554,,1.0,15.0,,,,2.0,1.0,,,16.0
555,,4.0,9.0,,,,3.0,10.0,,,7.0
556,,8.0,6.0,,,,4.0,11.0,,,13.0
557,,5.0,5.0,,,,4.0,15.0,,,13.0
558,,12.0,3.0,,,,9.0,17.0,,,12.0
559,,2.0,9.0,,,,15.0,13.0,,,16.0
560,,14.0,15.0,,,,13.0,11.0,,,10.0
561,,5.0,8.0,,,,-1.0,17.0,,,17.0
562,,2.0,11.0,,,,13.0,17.0,,,13.0
563,,10.0,12.0,,,,11.0,13.0,,,8.0
564,,10.0,16.0,,,,17.0,17.0,,,13.0
565,,6.0,7.0,,,,17.0,9.0,,,14.0
566,,9.0,13.0,,,,12.0,13.0,,,13.0
567,,9.0,12.0,,,,10.0,8.0,,,14.0
568,,12.0,9.0,,,,13.0,11.0,,,18.0
569,,-1.0,3.0,,,,13.0,2.0,,,11.0
570,,12.0,16.0,,,,16.0,12.0,,,18.0
571,,3.0,11.0,,,,9.0,2.0,,,15.0
572,,9.0,11.0,,,,14.0,2.0,,,12.0
573,,2.0,10.0,,,,8.0,6.0,,,14.0
574,,4.0,7.0,,,,4.0,20.0,,,9.0
575,,7.0,12.0,,,,6.0,4.0,,,9.0
576,,8.0,12.0,,,,8.0,12.0,,,9.0
577,,11.0,17.0,,,,16.0,17.0,,,4.0
578,,7.0,17.0,,,,10.0,10.0,,,2.0
579,,10.0,6.0,,,,18.0,16.0,,,14.0
580,,12.0,6.0,,,,4.0,1.0,,,15.0
581,,13.0,12.0,,,,4.0,3.0,,,14.0
582,,8.0,21.0,,,,9.0,1.0,,,12.0
583,,11.0,8.0,,,,5.0,2.0,,,7.0
584,,6.0,16.0,,,,4.0,6.0,,,21.0
585,,9.0,15.0,,,,3.0,7.0,,,11.0
586,,1.0,13.0,,,,5.0,5.0,,,15.0
587,,11.0,13.0,,,,9.0,8.0,,,17.0
588,,7.0,14.0,,,,10.0,7.0,,,14.0
589,,17.0,15.0,,,,5.0,14.0,,,-2.0
590,,4.0,11.0,,,,6.0,8.0,,,2.0
591,,15.0,12.0,,,,10.0,16.0,,,15.0
592,,8.0,11.0,,,,10.0,16.0,,,18.0
593,,13.0,15.0,,,,12.0,1.0,,,12.0
594,,4.0,11.0,,,,12.0,11.0,,,7.0
595,,13.0,4.0,,,,15.0,9.0,,,16.0
596,,18.0,19.0,,,,5.0,8.0,,,11.0
597,,16.0,16.0,,,,11.0,14.0,,,12.0
598,,12.0,6.0,,,,8.0,5.0,,,13.0
599,,4.0,9.0,,,,4.0,9.0,,,12.0
600,,14.0,9.0,,,,10.0,6.0,,,9.0
601,,13.0,16.0,,,,10.0,11.0,,,6.0
602,,10.0,1.0,,,,9.0,5.0,,,14.0
603,,6.0,19.0,,,,14.0,12.0,,,4.0
604,,3.0,16.0,,,,1.0,11.0,,,6.0
605,,6.0,9.0,,,,6.0,8.0,,,11.0
606,,11.0,9.0,,,,3.0,5.0,,,1.0
607,,16.0,7.0,,,,8.0,17.0,,,13.0
608,,12.0,18.0,,,,12.0,5.0,,,13.0
609,,15.0,12.0,,,,1.0,9.0,,,8.0
610,,12.0,17.0,,,,6.0,9.0,,,3.0
611,,15.0,20.0,,,,4.0,2.0,,,19.0
612,,9.0,10.0,,,,13.0,12.0,,,9.0
613,,9.0,8.0,,,,13.0,11.0,,,14.0
614,,3.0,9.0,,,,6.0,15.0,,,14.0
615,,15.0,5.0,,,,9.0,8.0,,,8.0
616,,12.0,12.0,,,,5.0,9.0,,,14.0
617,,14.0,3.0,,,,1.0,5.0,,,16.0
618,,10.0,15.0,,,,5.0,15.0,,,11.0
619,,9.0,16.0,,,,8.0,12.0,,,13.0
620,,9.0,11.0,,,,10.0,16.0,,,4.0
621,,12.0,15.0,,,,13.0,5.0,,,12.0
622,,5.0,9.0,,,,6.0,11.0,,,14.0
623,,10.0,16.0,,,,4.0,1.0,,,10.0
624,,7.0,6.0,,,,9.0,17.0,,,16.0
625,,4.0,14.0,,,,13.0,14.0,,,11.0
626,,20.0,7.0,,,,8.0,11.0,,,18.0
627,,20.0,7.0,,,,8.0,4.0,,,11.0
628,,3.0,19.0,,,,8.0,4.0,,,11.0
629,,4.0,10.0,,,,6.0,14.0,,,9.0
630,,10.0,15.0,,,,10.0,6.0,,,4.0
631,,8.0,16.0,,,,4.0,21.0,,,8.0
632,,6.0,13.0,,,,3.0,14.0,,,13.0
633,,14.0,13.0,,,,13.0,4.0,,,10.0
634,,14.0,9.0,,,,5.0,5.0,,,11.0
635,,11.0,14.0,,,,14.0,1.0,,,3.0
636,,6.0,17.0,,,,12.0,3.0,,,14.0
637,,10.0,13.0,,,,11.0,7.0,,,6.0
638,,10.0,12.0,,,,6.0,6.0,,,18.0
639,,6.0,10.0,,,,11.0,13.0,,,14.0
640,,19.0,6.0,,,,10.0,1.0,,,11.0
641,,8.0,4.0,,,,11.0,6.0,,,5.0
642,,12.0,14.0,,,,11.0,11.0,,,10.0
643,,5.0,10.0,,,,3.0,10.0,,,16.0
644,,9.0,9.0,,,,5.0,5.0,,,9.0
645,,5.0,16.0,,,,16.0,11.0,,,12.0
646,,14.0,6.0,,,,14.0,3.0,,,9.0
647,,5.0,13.0,,,,13.0,16.0,,,11.0
648,,3.0,8.0,,,,16.0,10.0,,,11.0
649,,0.0,21.0,,,,1.0,11.0,,,14.0
650,,11.0,19.0,,,,7.0,3.0,,,8.0
651,,9.0,14.0,,,,8.0,14.0,,,13.0
652,,14.0,12.0,,,,13.0,15.0,,,11.0
653,,8.0,16.0,,,,9.0,16.0,,,17.0
654,,5.0,18.0,,,,13.0,11.0,,,13.0
655,,13.0,12.0,,,,10.0,7.0,,,12.0
656,,12.0,11.0,,,,9.0,17.0,,,11.0
657,,6.0,15.0,,,,-1.0,2.0,,,6.0
658,,10.0,6.0,,,,13.0,15.0,,,13.0
659,,-1.0,12.0,,,,4.0,15.0,,,15.0
660,,10.0,8.0,,,,3.0,9.0,,,18.0
661,,3.0,17.0,,,,7.0,21.0,,,13.0
662,,14.0,18.0,,,,5.0,4.0,,,16.0
663,,14.0,7.0,,,,1.0,11.0,,,13.0
664,,3.0,17.0,,,,2.0,7.0,,,16.0
665,,5.0,8.0,,,,4.0,5.0,,,12.0
666,,9.0,15.0,,,,3.0,2.0,,,20.0
667,,15.0,2.0,,,,6.0,8.0,,,16.0
668,,12.0,13.0,,,,6.0,3.0,,,14.0
669,,13.0,3.0,,,,3.0,10.0,,,17.0
670,,15.0,8.0,,,,3.0,11.0,,,16.0
671,,8.0,9.0,,,,2.0,14.0,,,16.0
672,,17.0,2.0,,,,7.0,10.0,,,5.0
673,,13.0,2.0,,,,8.0,2.0,,,13.0
674,,12.0,7.0,,,,11.0,18.0,,,12.0
675,,4.0,16.0,,,,10.0,17.0,,,11.0
676,,7.0,18.0,,,,11.0,5.0,,,20.0
677,,9.0,22.0,,,,7.0,3.0,,,19.0
678,,8.0,14.0,,,,6.0,12.0,,,16.0
679,,9.0,6.0,,,,8.0,15.0,,,17.0
680,,16.0,12.0,,,,3.0,8.0,,,9.0
681,,11.0,13.0,,,,5.0,19.0,,,13.0
682,,15.0,21.0,,,,6.0,16.0,,,9.0
683,,12.0,13.0,,,,4.0,6.0,,,13.0
684,,12.0,16.0,,,,12.0,14.0,,,11.0
685,,10.0,7.0,,,,15.0,13.0,,,6.0
686,,10.0,12.0,,,,12.0,3.0,,,14.0
687,,14.0,4.0,,,,13.0,3.0,,,8.0
688,,13.0,16.0,,,,16.0,8.0,,,11.0
689,,16.0,18.0,,,,5.0,2.0,,,16.0
690,,7.0,4.0,,,,11.0,2.0,,,20.0
691,,6.0,13.0,,,,15.0,0.0,,,5.0
692,,10.0,12.0,,,,19.0,3.0,,,11.0
693,,6.0,9.0,,,,13.0,13.0,,,4.0
694,,12.0,13.0,,,,12.0,6.0,,,14.0
695,,8.0,5.0,,,,15.0,5.0,,,6.0
696,,13.0,2.0,,,,14.0,12.0,,,5.0
697,,13.0,10.0,,,,6.0,15.0,,,14.0
698,,12.0,6.0,,,,15.0,3.0,,,15.0
699,,2.0,15.0,,,,10.0,11.0,,,16.0
700,,0.0,10.0,,,,2.0,8.0,,,14.0
701,,5.0,1.0,,,,9.0,11.0,,,10.0
702,,7.0,19.0,,,,4.0,2.0,,,12.0
703,,6.0,13.0,,,,1.0,12.0,,,19.0
704,,9.0,11.0,,,,8.0,3.0,,,16.0
705,,8.0,18.0,,,,5.0,13.0,,,12.0
706,,8.0,4.0,,,,3.0,13.0,,,5.0
707,,0.0,10.0,,,,4.0,20.0,,,3.0
708,,3.0,13.0,,,,9.0,13.0,,,0.0
709,,13.0,17.0,,,,6.0,12.0,,,13.0
710,,13.0,9.0,,,,5.0,13.0,,,7.0
711,,13.0,6.0,,,,3.0,1.0,,,5.0
712,,13.0,9.0,,,,3.0,3.0,,,8.0
713,,2.0,19.0,,,,6.0,0.0,,,6.0
714,,14.0,15.0,,,,0.0,7.0,,,14.0
715,,1.0,2.0,,,,0.0,8.0,,,9.0
716,,20.0,13.0,,,,16.0,12.0,,,10.0
717,,8.0,8.0,,,,3.0,2.0,,,3.0
718,,10.0,13.0,,,,6.0,16.0,,,11.0
719,,0.0,15.0,,,,11.0,6.0,,,9.0
720,,11.0,8.0,,,,10.0,2.0,,,9.0
721,,2.0,14.0,,,,7.0,8.0,,,14.0
722,,4.0,11.0,,,,9.0,2.0,,,10.0
723,,14.0,12.0,,,,12.0,4.0,,,13.0
724,,5.0,16.0,,,,16.0,4.0,,,14.0
725,,12.0,17.0,,,,11.0,16.0,,,12.0
726,,8.0,3.0,,,,14.0,1.0,,,16.0
727,,7.0,11.0,,,,14.0,15.0,,,12.0
728,,5.0,15.0,,,,13.0,1.0,,,13.0
729,,2.0,14.0,,,,6.0,2.0,,,13.0
730,,1.0,5.0,,,,12.0,9.0,,,9.0
731,,7.0,14.0,,,,11.0,8.0,,,11.0
732,,4.0,8.0,,,,16.0,10.0,,,13.0
733,,5.0,14.0,,,,12.0,9.0,,,18.0
734,,12.0,4.0,,,,10.0,4.0,,,10.0
735,,16.0,7.0,,,,12.0,7.0,,,12.0
736,,13.0,17.0,,,,18.0,2.0,,,6.0
737,,11.0,11.0,,,,8.0,4.0,,,14.0
738,,7.0,15.0,,,,13.0,2.0,,,13.0
739,,7.0,18.0,,,,10.0,3.0,,,13.0
740,,9.0,0.0,,,,7.0,1.0,,,10.0
741,,12.0,11.0,,,,12.0,10.0,,,13.0
742,,5.0,4.0,,,,13.0,3.0,,,1.0
743,,9.0,17.0,,,,10.0,14.0,,,0.0
744,,11.0,11.0,,,,10.0,16.0,,,3.0
745,,13.0,10.0,,,,5.0,10.0,,,8.0
746,,15.0,14.0,,,,11.0,17.0,,,5.0
747,,13.0,13.0,,,,9.0,2.0,,,2.0
748,,8.0,15.0,,,,11.0,7.0,,,7.0
749,,9.0,14.0,,,,13.0,12.0,,,17.0
750,,7.0,13.0,,,,7.0,15.0,,,12.0
751,,5.0,12.0,,,,9.0,14.0,,,12.0
752,,6.0,16.0,,,,9.0,3.0,,,20.0
753,,10.0,18.0,,,,13.0,9.0,,,9.0
754,,14.0,12.0,,,,13.0,7.0,,,5.0
755,,4.0,4.0,,,,10.0,13.0,,,9.0
756,,16.0,20.0,,,,14.0,10.0,,,12.0
757,,5.0,17.0,,,,16.0,11.0,,,4.0
758,,9.0,5.0,,,,1.0,13.0,,,11.0
759,,13.0,10.0,,,,13.0,14.0,,,15.0
760,,4.0,12.0,,,,11.0,10.0,,,10.0
761,,12.0,14.0,,,,10.0,9.0,,,17.0
762,,13.0,10.0,,,,9.0,18.0,,,16.0
763,,12.0,4.0,,,,4.0,3.0,,,7.0
764,,10.0,5.0,,,,10.0,12.0,,,12.0
765,,11.0,15.0,,,,3.0,0.0,,,10.0
766,,12.0,16.0,,,,9.0,6.0,,,7.0
767,,10.0,11.0,,,,9.0,15.0,,,5.0
768,,6.0,19.0,,,,5.0,18.0,,,8.0
769,,4.0,14.0,,,,10.0,13.0,,,8.0
770,,1.0,12.0,,,,12.0,8.0,,,11.0
771,,6.0,15.0,,,,8.0,3.0,,,12.0
772,,19.0,15.0,,,,14.0,18.0,,,11.0
773,,17.0,18.0,,,,13.0,15.0,,,18.0
774,,6.0,19.0,,,,12.0,3.0,,,14.0
775,,4.0,13.0,,,,10.0,19.0,,,19.0
776,,9.0,15.0,,,,6.0,16.0,,,8.0
777,,11.0,20.0,,,,12.0,12.0,,,9.0
778,,8.0,14.0,,,,7.0,5.0,,,9.0
779,,7.0,17.0,,,,9.0,16.0,,,10.0
780,,5.0,14.0,,,,2.0,11.0,,,0.0
781,,8.0,19.0,,,,8.0,17.0,,,7.0
782,,14.0,15.0,,,,12.0,14.0,,,13.0
783,,11.0,14.0,,,,5.0,5.0,,,10.0
784,,3.0,18.0,,,,5.0,10.0,,,7.0
785,,13.0,13.0,,,,1.0,7.0,,,14.0
786,,9.0,9.0,,,,11.0,10.0,,,8.0
787,,17.0,18.0,,,,16.0,2.0,,,7.0
788,,11.0,20.0,,,,14.0,2.0,,,15.0
789,,10.0,7.0,,,,17.0,4.0,,,5.0
790,,10.0,27.0,,,,13.0,2.0,,,12.0
791,,13.0,13.0,,,,7.0,17.0,,,7.0
792,,17.0,14.0,,,,16.0,9.0,,,14.0
793,,15.0,13.0,,,,6.0,5.0,,,9.0
794,,6.0,10.0,,,,12.0,13.0,,,8.0
795,,7.0,19.0,,,,13.0,5.0,,,11.0
796,,15.0,18.0,,,,14.0,7.0,,,8.0
797,,15.0,16.0,,,,16.0,3.0,,,4.0
798,,9.0,12.0,,,,12.0,9.0,,,16.0
799,,1.0,19.0,,,,17.0,8.0,,,4.0
800,,5.0,17.0,,,,12.0,6.0,,,19.0
801,,7.0,16.0,,,,7.0,10.0,,,4.0
802,,11.0,,,,,20.0,17.0,,,6.0
803,,6.0,,,,,3.0,12.0,,,14.0
804,,12.0,,,,,5.0,6.0,,,9.0
805,,9.0,,,,,6.0,2.0,,,7.0
806,,9.0,,,,,4.0,11.0,,,7.0
807,,10.0,,,,,13.0,16.0,,,10.0
808,,11.0,,,,,22.0,5.0,,,4.0
809,,11.0,,,,,2.0,7.0,,,6.0
810,,15.0,,,,,9.0,4.0,,,17.0
811,,3.0,,,,,4.0,9.0,,,16.0
812,,18.0,,,,,10.0,14.0,,,16.0
813,,5.0,,,,,2.0,6.0,,,14.0
814,,6.0,,,,,1.0,2.0,,,9.0
815,,1.0,,,,,9.0,12.0,,,18.0
816,,15.0,,,,,8.0,10.0,,,9.0
817,,0.0,,,,,15.0,15.0,,,11.0
818,,13.0,,,,,1.0,7.0,,,14.0
819,,3.0,,,,,0.0,7.0,,,7.0
820,,12.0,,,,,14.0,10.0,,,13.0
821,,15.0,,,,,13.0,2.0,,,4.0
822,,18.0,,,,,9.0,18.0,,,3.0
823,,10.0,,,,,7.0,10.0,,,10.0
824,,12.0,,,,,8.0,5.0,,,7.0
825,,0.0,,,,,13.0,11.0,,,14.0
826,,9.0,,,,,8.0,8.0,,,2.0
827,,12.0,,,,,13.0,9.0,,,15.0
828,,7.0,,,,,7.0,19.0,,,11.0
829,,16.0,,,,,16.0,13.0,,,12.0
830,,15.0,,,,,5.0,11.0,,,7.0
831,,19.0,,,,,11.0,11.0,,,18.0
832,,14.0,,,,,3.0,15.0,,,20.0
833,,10.0,,,,,11.0,6.0,,,20.0
834,,14.0,,,,,9.0,10.0,,,16.0
835,,13.0,,,,,6.0,4.0,,,19.0
836,,14.0,,,,,10.0,12.0,,,11.0
837,,15.0,,,,,8.0,12.0,,,12.0
838,,8.0,,,,,5.0,16.0,,,11.0
839,,21.0,,,,,10.0,16.0,,,17.0
840,,10.0,,,,,10.0,19.0,,,14.0
841,,8.0,,,,,7.0,3.0,,,22.0
842,,10.0,,,,,8.0,17.0,,,0.0
843,,13.0,,,,,3.0,15.0,,,15.0
844,,14.0,,,,,6.0,7.0,,,10.0
845,,17.0,,,,,-1.0,15.0,,,17.0
846,,16.0,,,,,14.0,11.0,,,15.0
847,,14.0,,,,,13.0,14.0,,,14.0
848,,11.0,,,,,12.0,16.0,,,4.0
849,,9.0,,,,,10.0,16.0,,,15.0
850,,12.0,,,,,8.0,0.0,,,10.0
851,,7.0,,,,,3.0,11.0,,,11.0
852,,11.0,,,,,11.0,4.0,,,9.0
853,,9.0,,,,,4.0,15.0,,,10.0
854,,15.0,,,,,3.0,16.0,,,15.0
855,,9.0,,,,,5.0,7.0,,,10.0
856,,8.0,,,,,5.0,8.0,,,20.0
857,,8.0,,,,,3.0,4.0,,,14.0
858,,14.0,,,,,4.0,1.0,,,4.0
859,,8.0,,,,,13.0,10.0,,,15.0
860,,3.0,,,,,6.0,5.0,,,13.0
861,,14.0,,,,,13.0,17.0,,,19.0
862,,11.0,,,,,5.0,13.0,,,2.0
863,,14.0,,,,,9.0,3.0,,,15.0
864,,18.0,,,,,7.0,8.0,,,13.0
865,,9.0,,,,,14.0,6.0,,,10.0
866,,11.0,,,,,11.0,2.0,,,5.0
867,,11.0,,,,,11.0,9.0,,,11.0
868,,11.0,,,,,4.0,11.0,,,13.0
869,,3.0,,,,,7.0,7.0,,,13.0
870,,6.0,,,,,6.0,9.0,,,15.0
871,,14.0,,,,,9.0,6.0,,,11.0
872,,10.0,,,,,5.0,13.0,,,19.0
873,,14.0,,,,,1.0,15.0,,,8.0
874,,17.0,,,,,-1.0,9.0,,,22.0
875,,8.0,,,,,0.0,13.0,,,20.0
876,,8.0,,,,,0.0,4.0,,,8.0
877,,13.0,,,,,0.0,21.0,,,14.0
878,,15.0,,,,,-1.0,12.0,,,16.0
879,,5.0,,,,,-1.0,13.0,,,16.0
880,,3.0,,,,,0.0,9.0,,,19.0
881,,9.0,,,,,-2.0,14.0,,,19.0
882,,12.0,,,,,0.0,13.0,,,13.0
883,,11.0,,,,,0.0,0.0,,,5.0
884,,8.0,,,,,1.0,9.0,,,13.0
885,,12.0,,,,,1.0,5.0,,,13.0
886,,8.0,,,,,0.0,11.0,,,6.0
887,,11.0,,,,,1.0,13.0,,,14.0
888,,9.0,,,,,2.0,1.0,,,7.0
889,,6.0,,,,,3.0,16.0,,,15.0
890,,13.0,,,,,3.0,15.0,,,17.0
891,,10.0,,,,,5.0,11.0,,,5.0
892,,14.0,,,,,8.0,4.0,,,2.0
893,,11.0,,,,,4.0,12.0,,,12.0
894,,8.0,,,,,10.0,14.0,,,3.0
895,,3.0,,,,,10.0,2.0,,,10.0
896,,10.0,,,,,16.0,16.0,,,12.0
897,,11.0,,,,,4.0,9.0,,,11.0
898,,17.0,,,,,6.0,8.0,,,15.0
899,,10.0,,,,,9.0,13.0,,,15.0
900,,10.0,,,,,11.0,1.0,,,7.0
901,,7.0,,,,,8.0,2.0,,,13.0
902,,18.0,,,,,6.0,17.0,,,17.0
903,,3.0,,,,,11.0,5.0,,,14.0
904,,9.0,,,,,5.0,13.0,,,14.0
905,,5.0,,,,,2.0,7.0,,,12.0
906,,16.0,,,,,0.0,12.0,,,22.0
907,,11.0,,,,,3.0,20.0,,,19.0
908,,10.0,,,,,8.0,1.0,,,13.0
909,,0.0,,,,,11.0,6.0,,,9.0
910,,6.0,,,,,6.0,3.0,,,8.0
911,,11.0,,,,,3.0,5.0,,,13.0
912,,11.0,,,,,0.0,11.0,,,0.0
913,,15.0,,,,,10.0,4.0,,,16.0
914,,0.0,,,,,3.0,5.0,,,14.0
915,,5.0,,,,,1.0,16.0,,,15.0
916,,7.0,,,,,4.0,6.0,,,11.0
917,,18.0,,,,,1.0,8.0,,,12.0
918,,3.0,,,,,5.0,9.0,,,6.0
919,,11.0,,,,,14.0,21.0,,,16.0
920,,11.0,,,,,9.0,17.0,,,16.0
921,,4.0,,,,,10.0,0.0,,,15.0
922,,2.0,,,,,12.0,3.0,,,13.0
923,,11.0,,,,,6.0,0.0,,,9.0
924,,7.0,,,,,12.0,16.0,,,6.0
925,,10.0,,,,,8.0,7.0,,,4.0
926,,8.0,,,,,16.0,19.0,,,13.0
927,,13.0,,,,,6.0,11.0,,,18.0
928,,8.0,,,,,13.0,12.0,,,15.0
929,,6.0,,,,,4.0,6.0,,,13.0
930,,4.0,,,,,14.0,17.0,,,8.0
931,,12.0,,,,,17.0,4.0,,,10.0
932,,14.0,,,,,10.0,0.0,,,15.0
933,,5.0,,,,,5.0,0.0,,,4.0
934,,15.0,,,,,3.0,17.0,,,6.0
935,,8.0,,,,,6.0,7.0,,,16.0
936,,9.0,,,,,0.0,9.0,,,9.0
937,,1.0,,,,,11.0,15.0,,,13.0
938,,0.0,,,,,5.0,11.0,,,9.0
939,,18.0,,,,,2.0,7.0,,,12.0
940,,10.0,,,,,5.0,6.0,,,8.0
941,,16.0,,,,,2.0,7.0,,,17.0
942,,14.0,,,,,4.0,4.0,,,7.0
943,,14.0,,,,,1.0,10.0,,,16.0
944,,13.0,,,,,1.0,8.0,,,11.0
945,,8.0,,,,,3.0,10.0,,,16.0
946,,-1.0,,,,,11.0,15.0,,,7.0
947,,15.0,,,,,6.0,-1.0,,,13.0
948,,12.0,,,,,1.0,5.0,,,18.0
949,,6.0,,,,,6.0,13.0,,,2.0
950,,15.0,,,,,2.0,4.0,,,1.0
951,,10.0,,,,,5.0,5.0,,,18.0
952,,2.0,,,,,6.0,14.0,,,13.0
953,,17.0,,,,,6.0,15.0,,,18.0
954,,11.0,,,,,5.0,7.0,,,12.0
955,,10.0,,,,,5.0,15.0,,,13.0
956,,4.0,,,,,1.0,5.0,,,12.0
957,,17.0,,,,,4.0,13.0,,,16.0
958,,6.0,,,,,-1.0,7.0,,,14.0
959,,11.0,,,,,17.0,12.0,,,12.0
960,,11.0,,,,,3.0,15.0,,,18.0
961,,7.0,,,,,3.0,4.0,,,14.0
962,,10.0,,,,,4.0,0.0,,,18.0
963,,0.0,,,,,8.0,0.0,,,2.0
964,,11.0,,,,,5.0,18.0,,,13.0
965,,7.0,,,,,1.0,18.0,,,14.0
966,,16.0,,,,,3.0,0.0,,,16.0
967,,3.0,,,,,1.0,7.0,,,9.0
968,,12.0,,,,,14.0,4.0,,,7.0
969,,7.0,,,,,14.0,1.0,,,19.0
970,,12.0,,,,,1.0,11.0,,,15.0
971,,12.0,,,,,11.0,11.0,,,19.0
972,,1.0,,,,,6.0,7.0,,,16.0
973,,7.0,,,,,15.0,2.0,,,14.0
974,,17.0,,,,,7.0,10.0,,,13.0
975,,13.0,,,,,3.0,11.0,,,11.0
976,,12.0,,,,,10.0,3.0,,,23.0
977,,10.0,,,,,7.0,10.0,,,18.0
978,,17.0,,,,,1.0,11.0,,,22.0
979,,10.0,,,,,5.0,15.0,,,8.0
980,,6.0,,,,,9.0,14.0,,,13.0
981,,18.0,,,,,12.0,9.0,,,12.0
982,,10.0,,,,,14.0,10.0,,,15.0
983,,14.0,,,,,13.0,4.0,,,16.0
984,,11.0,,,,,5.0,17.0,,,12.0
985,,6.0,,,,,9.0,17.0,,,18.0
986,,14.0,,,,,10.0,5.0,,,14.0
987,,5.0,,,,,18.0,6.0,,,18.0
988,,6.0,,,,,5.0,11.0,,,14.0
989,,7.0,,,,,15.0,18.0,,,6.0
990,,10.0,,,,,11.0,3.0,,,15.0
991,,17.0,,,,,14.0,3.0,,,17.0
992,,10.0,,,,,21.0,4.0,,,22.0
993,,9.0,,,,,10.0,14.0,,,18.0
994,,16.0,,,,,10.0,7.0,,,17.0
995,,11.0,,,,,6.0,1.0,,,6.0
996,,9.0,,,,,2.0,11.0,,,22.0
997,,10.0,,,,,9.0,10.0,,,
998,,3.0,,,,,1.0,8.0,,,
999,,1.0,,,,,11.0,7.0,,,
1000,,6.0,,,,,5.0,12.0,,,
1001,,13.0,,,,,8.0,13.0,,,
1002,,8.0,,,,,4.0,1.0,,,
1003,,8.0,,,,,11.0,12.0,,,
1004,,13.0,,,,,4.0,4.0,,,
1005,,7.0,,,,,12.0,1.0,,,
1006,,10.0,,,,,8.0,12.0,,,
1007,,19.0,,,,,2.0,15.0,,,
1008,,15.0,,,,,2.0,10.0,,,
1009,,12.0,,,,,2.0,9.0,,,
1010,,5.0,,,,,2.0,3.0,,,
1011,,14.0,,,,,2.0,5.0,,,
1012,,4.0,,,,,16.0,16.0,,,
1013,,10.0,,,,,8.0,11.0,,,
1014,,9.0,,,,,8.0,4.0,,,
1015,,17.0,,,,,13.0,14.0,,,
1016,,7.0,,,,,11.0,13.0,,,
1017,,5.0,,,,,7.0,11.0,,,
1018,,11.0,,,,,0.0,8.0,,,
1019,,18.0,,,,,8.0,13.0,,,
1020,,7.0,,,,,0.0,3.0,,,
1021,,4.0,,,,,11.0,10.0,,,
1022,,14.0,,,,,11.0,12.0,,,
1023,,11.0,,,,,8.0,6.0,,,
1024,,4.0,,,,,18.0,16.0,,,
1025,,6.0,,,,,14.0,20.0,,,
1026,,6.0,,,,,6.0,10.0,,,
1027,,7.0,,,,,8.0,10.0,,,
1028,,14.0,,,,,6.0,18.0,,,
1029,,9.0,,,,,8.0,12.0,,,
1030,,12.0,,,,,7.0,0.0,,,
1031,,10.0,,,,,9.0,15.0,,,
1032,,7.0,,,,,11.0,1.0,,,
1033,,7.0,,,,,6.0,9.0,,,
1034,,13.0,,,,,10.0,4.0,,,
1035,,8.0,,,,,5.0,13.0,,,
1036,,10.0,,,,,4.0,10.0,,,
1037,,12.0,,,,,1.0,14.0,,,
1038,,7.0,,,,,7.0,14.0,,,
1039,,18.0,,,,,8.0,14.0,,,
1040,,1.0,,,,,7.0,5.0,,,
1041,,12.0,,,,,4.0,10.0,,,
1042,,5.0,,,,,7.0,13.0,,,
1043,,13.0,,,,,12.0,7.0,,,
1044,,21.0,,,,,6.0,2.0,,,
1045,,18.0,,,,,5.0,10.0,,,
1046,,11.0,,,,,13.0,6.0,,,
1047,,14.0,,,,,14.0,12.0,,,
1048,,12.0,,,,,6.0,15.0,,,
1049,,2.0,,,,,12.0,19.0,,,
1050,,16.0,,,,,7.0,1.0,,,
1051,,14.0,,,,,13.0,4.0,,,
1052,,7.0,,,,,8.0,17.0,,,
1053,,17.0,,,,,0.0,20.0,,,
1054,,9.0,,,,,2.0,1.0,,,
1055,,12.0,,,,,2.0,16.0,,,
1056,,9.0,,,,,11.0,13.0,,,
1057,,12.0,,,,,-1.0,8.0,,,
1058,,8.0,,,,,9.0,14.0,,,
1059,,13.0,,,,,5.0,6.0,,,
1060,,17.0,,,,,5.0,6.0,,,
1061,,15.0,,,,,0.0,5.0,,,
1062,,6.0,,,,,12.0,9.0,,,
1063,,21.0,,,,,8.0,8.0,,,
1064,,9.0,,,,,13.0,13.0,,,
1065,,14.0,,,,,2.0,12.0,,,
1066,,10.0,,,,,0.0,4.0,,,
1067,,14.0,,,,,0.0,0.0,,,
1068,,11.0,,,,,2.0,4.0,,,
1069,,13.0,,,,,4.0,14.0,,,
1070,,11.0,,,,,2.0,9.0,,,
1071,,17.0,,,,,2.0,10.0,,,
1072,,13.0,,,,,1.0,4.0,,,
1073,,13.0,,,,,3.0,0.0,,,
1074,,20.0,,,,,0.0,10.0,,,
1075,,17.0,,,,,8.0,8.0,,,
1076,,17.0,,,,,4.0,12.0,,,
1077,,9.0,,,,,3.0,4.0,,,
1078,,11.0,,,,,7.0,8.0,,,
1079,,14.0,,,,,1.0,6.0,,,
1080,,10.0,,,,,7.0,16.0,,,
1081,,20.0,,,,,0.0,11.0,,,
1082,,13.0,,,,,5.0,1.0,,,
1083,,8.0,,,,,4.0,11.0,,,
1084,,7.0,,,,,3.0,2.0,,,
1085,,10.0,,,,,2.0,6.0,,,
1086,,16.0,,,,,0.0,16.0,,,
1087,,11.0,,,,,1.0,2.0,,,
1088,,10.0,,,,,9.0,11.0,,,
1089,,14.0,,,,,11.0,11.0,,,
1090,,16.0,,,,,1.0,10.0,,,
1091,,12.0,,,,,5.0,8.0,,,
1092,,5.0,,,,,2.0,17.0,,,
1093,,3.0,,,,,4.0,9.0,,,
1094,,16.0,,,,,6.0,7.0,,,
1095,,6.0,,,,,12.0,3.0,,,
1096,,17.0,,,,,7.0,0.0,,,
1097,,15.0,,,,,12.0,6.0,,,
1098,,13.0,,,,,11.0,13.0,,,
1099,,10.0,,,,,10.0,8.0,,,
1100,,7.0,,,,,9.0,1.0,,,
1101,,14.0,,,,,8.0,13.0,,,
1102,,18.0,,,,,7.0,4.0,,,
1103,,17.0,,,,,6.0,17.0,,,
1104,,12.0,,,,,2.0,4.0,,,
1105,,6.0,,,,,1.0,0.0,,,
1106,,18.0,,,,,8.0,1.0,,,
1107,,11.0,,,,,4.0,16.0,,,
1108,,15.0,,,,,4.0,4.0,,,
1109,,3.0,,,,,10.0,14.0,,,
1110,,11.0,,,,,6.0,13.0,,,
1111,,17.0,,,,,5.0,0.0,,,
1112,,5.0,,,,,4.0,0.0,,,
1113,,15.0,,,,,4.0,13.0,,,
1114,,11.0,,,,,7.0,3.0,,,
1115,,5.0,,,,,0.0,9.0,,,
1116,,7.0,,,,,6.0,7.0,,,
1117,,5.0,,,,,5.0,13.0,,,
1118,,8.0,,,,,9.0,3.0,,,
1119,,9.0,,,,,2.0,10.0,,,
1120,,10.0,,,,,7.0,9.0,,,
1121,,9.0,,,,,9.0,0.0,,,
1122,,6.0,,,,,6.0,7.0,,,
1123,,12.0,,,,,4.0,15.0,,,
1124,,11.0,,,,,1.0,8.0,,,
1125,,9.0,,,,,9.0,13.0,,,
1126,,12.0,,,,,5.0,6.0,,,
1127,,14.0,,,,,2.0,9.0,,,
1128,,8.0,,,,,1.0,4.0,,,
1129,,6.0,,,,,2.0,11.0,,,
1130,,15.0,,,,,0.0,5.0,,,
1131,,13.0,,,,,6.0,16.0,,,
1132,,15.0,,,,,5.0,8.0,,,
1133,,14.0,,,,,1.0,8.0,,,
1134,,14.0,,,,,6.0,14.0,,,
1135,,12.0,,,,,4.0,7.0,,,
1136,,7.0,,,,,2.0,10.0,,,
1137,,15.0,,,,,4.0,5.0,,,
1138,,14.0,,,,,4.0,14.0,,,
1139,,3.0,,,,,5.0,11.0,,,
1140,,3.0,,,,,3.0,9.0,,,
1141,,18.0,,,,,4.0,12.0,,,
1142,,15.0,,,,,7.0,15.0,,,
1143,,11.0,,,,,8.0,1.0,,,
1144,,5.0,,,,,4.0,5.0,,,
1145,,13.0,,,,,1.0,7.0,,,
1146,,12.0,,,,,1.0,2.0,,,
1147,,17.0,,,,,2.0,8.0,,,
1148,,16.0,,,,,1.0,3.0,,,
1149,,15.0,,,,,1.0,0.0,,,
1150,,14.0,,,,,5.0,5.0,,,
1151,,12.0,,,,,0.0,14.0,,,
1152,,14.0,,,,,3.0,3.0,,,
1153,,3.0,,,,,-1.0,5.0,,,
1154,,14.0,,,,,4.0,8.0,,,
1155,,17.0,,,,,7.0,7.0,,,
1156,,13.0,,,,,2.0,13.0,,,
1157,,13.0,,,,,0.0,8.0,,,
1158,,12.0,,,,,3.0,3.0,,,
1159,,5.0,,,,,0.0,14.0,,,
1160,,15.0,,,,,8.0,2.0,,,
1161,,10.0,,,,,3.0,13.0,,,
1162,,10.0,,,,,7.0,16.0,,,
1163,,15.0,,,,,3.0,5.0,,,
1164,,13.0,,,,,3.0,10.0,,,
1165,,13.0,,,,,0.0,11.0,,,
1166,,8.0,,,,,4.0,8.0,,,
1167,,18.0,,,,,7.0,17.0,,,
1168,,3.0,,,,,14.0,14.0,,,
1169,,14.0,,,,,6.0,7.0,,,
1170,,16.0,,,,,7.0,16.0,,,
1171,,12.0,,,,,6.0,12.0,,,
1172,,13.0,,,,,-1.0,15.0,,,
1173,,18.0,,,,,0.0,2.0,,,
1174,,15.0,,,,,0.0,4.0,,,
1175,,6.0,,,,,2.0,9.0,,,
1176,,11.0,,,,,5.0,8.0,,,
1177,,12.0,,,,,2.0,1.0,,,
1178,,10.0,,,,,3.0,6.0,,,
1179,,8.0,,,,,7.0,9.0,,,
1180,,8.0,,,,,7.0,15.0,,,
1181,,18.0,,,,,9.0,15.0,,,
1182,,21.0,,,,,6.0,17.0,,,
1183,,15.0,,,,,8.0,12.0,,,
1184,,12.0,,,,,2.0,5.0,,,
1185,,14.0,,,,,13.0,15.0,,,
1186,,19.0,,,,,6.0,0.0,,,
1187,,0.0,,,,,6.0,8.0,,,
1188,,13.0,,,,,0.0,12.0,,,
1189,,6.0,,,,,-1.0,14.0,,,
1190,,11.0,,,,,5.0,3.0,,,
1191,,9.0,,,,,4.0,10.0,,,
1192,,11.0,,,,,3.0,19.0,,,
1193,,20.0,,,,,4.0,17.0,,,
1194,,11.0,,,,,8.0,15.0,,,
1195,,13.0,,,,,-1.0,11.0,,,
1196,,9.0,,,,,0.0,9.0,,,
1197,,12.0,,,,,3.0,9.0,,,
1198,,13.0,,,,,6.0,2.0,,,
1199,,8.0,,,,,9.0,3.0,,,
1200,,7.0,,,,,5.0,14.0,,,
1201,,11.0,,,,,16.0,3.0,,,
1202,,9.0,,,,,3.0,5.0,,,
1203,,12.0,,,,,4.0,2.0,,,
1204,,16.0,,,,,4.0,3.0,,,
1205,,17.0,,,,,6.0,13.0,,,
1206,,2.0,,,,,9.0,15.0,,,
1207,,4.0,,,,,13.0,6.0,,,
1208,,9.0,,,,,12.0,0.0,,,
1209,,5.0,,,,,-1.0,12.0,,,
1210,,3.0,,,,,6.0,15.0,,,
1211,,8.0,,,,,1.0,9.0,,,
1212,,5.0,,,,,0.0,14.0,,,
1213,,13.0,,,,,1.0,14.0,,,
1214,,8.0,,,,,3.0,5.0,,,
1215,,18.0,,,,,-1.0,9.0,,,
1216,,10.0,,,,,3.0,6.0,,,
1217,,1.0,,,,,6.0,7.0,,,
1218,,9.0,,,,,4.0,15.0,,,
1219,,12.0,,,,,2.0,7.0,,,
1220,,19.0,,,,,1.0,5.0,,,
1221,,15.0,,,,,1.0,9.0,,,
1222,,16.0,,,,,6.0,8.0,,,
1223,,14.0,,,,,4.0,7.0,,,
1224,,11.0,,,,,2.0,3.0,,,
1225,,6.0,,,,,5.0,14.0,,,
1226,,13.0,,,,,10.0,13.0,,,
1227,,11.0,,,,,2.0,8.0,,,
1228,,16.0,,,,,4.0,13.0,,,
1229,,15.0,,,,,8.0,8.0,,,
1230,,8.0,,,,,5.0,18.0,,,
1231,,6.0,,,,,1.0,5.0,,,
1232,,13.0,,,,,8.0,5.0,,,
1233,,13.0,,,,,11.0,17.0,,,
1234,,10.0,,,,,4.0,5.0,,,
1235,,1.0,,,,,7.0,14.0,,,
1236,,3.0,,,,,11.0,7.0,,,
1237,,9.0,,,,,1.0,11.0,,,
1238,,13.0,,,,,5.0,15.0,,,
1239,,5.0,,,,,2.0,8.0,,,
1240,,4.0,,,,,9.0,0.0,,,
1241,,20.0,,,,,0.0,9.0,,,
1242,,10.0,,,,,2.0,3.0,,,
1243,,19.0,,,,,9.0,11.0,,,
1244,,9.0,,,,,0.0,14.0,,,
1245,,12.0,,,,,10.0,0.0,,,
1246,,15.0,,,,,8.0,5.0,,,
1247,,14.0,,,,,2.0,12.0,,,
1248,,1.0,,,,,8.0,10.0,,,
1249,,18.0,,,,,14.0,3.0,,,
1250,,12.0,,,,,0.0,2.0,,,
1251,,10.0,,,,,8.0,15.0,,,
1252,,13.0,,,,,8.0,12.0,,,
1253,,16.0,,,,,7.0,2.0,,,
1254,,13.0,,,,,2.0,9.0,,,
1255,,13.0,,,,,5.0,0.0,,,
1256,,4.0,,,,,10.0,10.0,,,
1257,,10.0,,,,,5.0,7.0,,,
1258,,12.0,,,,,10.0,15.0,,,
1259,,3.0,,,,,15.0,2.0,,,
1260,,9.0,,,,,14.0,11.0,,,
1261,,10.0,,,,,10.0,1.0,,,
1262,,11.0,,,,,11.0,0.0,,,
1263,,10.0,,,,,13.0,10.0,,,
1264,,10.0,,,,,3.0,16.0,,,
1265,,10.0,,,,,5.0,13.0,,,
1266,,7.0,,,,,11.0,3.0,,,
1267,,11.0,,,,,7.0,12.0,,,
1268,,4.0,,,,,4.0,0.0,,,
1269,,9.0,,,,,0.0,17.0,,,
1270,,19.0,,,,,9.0,15.0,,,
1271,,10.0,,,,,5.0,12.0,,,
1272,,15.0,,,,,6.0,15.0,,,
1273,,11.0,,,,,3.0,12.0,,,
1274,,11.0,,,,,6.0,3.0,,,
1275,,10.0,,,,,11.0,12.0,,,
1276,,15.0,,,,,5.0,10.0,,,
1277,,18.0,,,,,12.0,9.0,,,
1278,,16.0,,,,,9.0,1.0,,,
1279,,15.0,,,,,5.0,10.0,,,
1280,,5.0,,,,,3.0,14.0,,,
1281,,14.0,,,,,9.0,5.0,,,
1282,,18.0,,,,,4.0,12.0,,,
1283,,10.0,,,,,11.0,4.0,,,
1284,,18.0,,,,,16.0,4.0,,,
1285,,9.0,,,,,0.0,18.0,,,
1286,,12.0,,,,,3.0,8.0,,,
1287,,11.0,,,,,9.0,6.0,,,
1288,,9.0,,,,,10.0,6.0,,,
1289,,17.0,,,,,8.0,7.0,,,
1290,,17.0,,,,,8.0,7.0,,,
1291,,11.0,,,,,15.0,11.0,,,
1292,,8.0,,,,,11.0,5.0,,,
1293,,16.0,,,,,14.0,5.0,,,
1294,,14.0,,,,,15.0,11.0,,,
1295,,13.0,,,,,6.0,2.0,,,
1296,,13.0,,,,,10.0,8.0,,,
1297,,8.0,,,,,-1.0,4.0,,,
1298,,10.0,,,,,10.0,5.0,,,
1299,,14.0,,,,,14.0,5.0,,,
1300,,9.0,,,,,14.0,11.0,,,
1301,,8.0,,,,,6.0,20.0,,,
1302,,9.0,,,,,3.0,19.0,,,
1303,,11.0,,,,,2.0,14.0,,,
1304,,12.0,,,,,5.0,4.0,,,
1305,,12.0,,,,,7.0,14.0,,,
1306,,5.0,,,,,8.0,11.0,,,
1307,,8.0,,,,,1.0,5.0,,,
1308,,16.0,,,,,11.0,0.0,,,
1309,,1.0,,,,,2.0,1.0,,,
1310,,10.0,,,,,8.0,6.0,,,
1311,,13.0,,,,,4.0,3.0,,,
1312,,8.0,,,,,3.0,19.0,,,
1313,,7.0,,,,,3.0,15.0,,,
1314,,14.0,,,,,4.0,8.0,,,
1315,,2.0,,,,,7.0,6.0,,,
1316,,8.0,,,,,2.0,14.0,,,
1317,,10.0,,,,,5.0,13.0,,,
1318,,6.0,,,,,8.0,4.0,,,
1319,,8.0,,,,,3.0,9.0,,,
1320,,15.0,,,,,8.0,5.0,,,
1321,,6.0,,,,,9.0,7.0,,,
1322,,6.0,,,,,3.0,10.0,,,
1323,,12.0,,,,,12.0,13.0,,,
1324,,16.0,,,,,8.0,9.0,,,
1325,,14.0,,,,,9.0,7.0,,,
1326,,7.0,,,,,6.0,5.0,,,
1327,,1.0,,,,,14.0,2.0,,,
1328,,10.0,,,,,20.0,3.0,,,
1329,,14.0,,,,,0.0,11.0,,,
1330,,15.0,,,,,6.0,12.0,,,
1331,,15.0,,,,,3.0,0.0,,,
1332,,5.0,,,,,2.0,10.0,,,
1333,,2.0,,,,,4.0,11.0,,,
1334,,17.0,,,,,1.0,9.0,,,
1335,,9.0,,,,,6.0,6.0,,,
1336,,14.0,,,,,2.0,3.0,,,
1337,,8.0,,,,,1.0,5.0,,,
1338,,17.0,,,,,4.0,9.0,,,
1339,,11.0,,,,,1.0,11.0,,,
1340,,7.0,,,,,6.0,13.0,,,
1341,,5.0,,,,,5.0,5.0,,,
1342,,13.0,,,,,12.0,9.0,,,
1343,,0.0,,,,,7.0,7.0,,,
1344,,7.0,,,,,4.0,4.0,,,
1345,,10.0,,,,,5.0,5.0,,,
1346,,7.0,,,,,18.0,9.0,,,
1347,,16.0,,,,,5.0,12.0,,,
1348,,12.0,,,,,6.0,14.0,,,
1349,,11.0,,,,,2.0,14.0,,,
1350,,7.0,,,,,5.0,9.0,,,
1351,,9.0,,,,,5.0,13.0,,,
1352,,5.0,,,,,13.0,10.0,,,
1353,,18.0,,,,,7.0,16.0,,,
1354,,15.0,,,,,2.0,9.0,,,
1355,,9.0,,,,,2.0,15.0,,,
1356,,16.0,,,,,5.0,6.0,,,
1357,,17.0,,,,,12.0,11.0,,,
1358,,6.0,,,,,11.0,15.0,,,
1359,,12.0,,,,,9.0,3.0,,,
1360,,12.0,,,,,8.0,11.0,,,
1361,,14.0,,,,,6.0,6.0,,,
1362,,10.0,,,,,10.0,12.0,,,
1363,,9.0,,,,,17.0,9.0,,,
1364,,14.0,,,,,18.0,8.0,,,
1365,,7.0,,,,,6.0,1.0,,,
1366,,14.0,,,,,17.0,7.0,,,
1367,,8.0,,,,,19.0,7.0,,,
1368,,18.0,,,,,5.0,8.0,,,
1369,,17.0,,,,,12.0,16.0,,,
1370,,11.0,,,,,2.0,8.0,,,
1371,,18.0,,,,,13.0,10.0,,,
1372,,13.0,,,,,5.0,10.0,,,
1373,,3.0,,,,,7.0,15.0,,,
1374,,6.0,,,,,12.0,2.0,,,
1375,,17.0,,,,,5.0,10.0,,,
1376,,13.0,,,,,13.0,7.0,,,
1377,,3.0,,,,,1.0,17.0,,,
1378,,17.0,,,,,10.0,10.0,,,
1379,,12.0,,,,,8.0,7.0,,,
1380,,10.0,,,,,9.0,10.0,,,
1381,,11.0,,,,,19.0,9.0,,,
1382,,14.0,,,,,1.0,15.0,,,
1383,,10.0,,,,,4.0,15.0,,,
1384,,13.0,,,,,5.0,15.0,,,
1385,,10.0,,,,,3.0,5.0,,,
1386,,13.0,,,,,13.0,1.0,,,
1387,,11.0,,,,,9.0,12.0,,,
1388,,14.0,,,,,12.0,5.0,,,
1389,,10.0,,,,,10.0,12.0,,,
1390,,14.0,,,,,7.0,2.0,,,
1391,,12.0,,,,,13.0,11.0,,,
1392,,20.0,,,,,2.0,10.0,,,
1393,,7.0,,,,,10.0,6.0,,,
1394,,13.0,,,,,13.0,10.0,,,
1395,,12.0,,,,,3.0,10.0,,,
1396,,15.0,,,,,3.0,14.0,,,
1397,,18.0,,,,,4.0,3.0,,,
1398,,17.0,,,,,3.0,14.0,,,
1399,,10.0,,,,,12.0,0.0,,,
1400,,11.0,,,,,0.0,11.0,,,
1401,,13.0,,,,,7.0,14.0,,,
1402,,11.0,,,,,7.0,17.0,,,
1403,,7.0,,,,,4.0,3.0,,,
1404,,15.0,,,,,3.0,10.0,,,
1405,,20.0,,,,,10.0,16.0,,,
1406,,14.0,,,,,16.0,7.0,,,
1407,,10.0,,,,,10.0,15.0,,,
1408,,17.0,,,,,15.0,7.0,,,
1409,,13.0,,,,,15.0,12.0,,,
1410,,12.0,,,,,10.0,14.0,,,
1411,,13.0,,,,,7.0,4.0,,,
1412,,19.0,,,,,13.0,12.0,,,
1413,,13.0,,,,,6.0,7.0,,,
1414,,18.0,,,,,3.0,10.0,,,
1415,,13.0,,,,,10.0,16.0,,,
1416,,12.0,,,,,6.0,11.0,,,
1417,,11.0,,,,,11.0,8.0,,,
1418,,4.0,,,,,12.0,7.0,,,
1419,,14.0,,,,,2.0,10.0,,,
1420,,13.0,,,,,16.0,13.0,,,
1421,,16.0,,,,,12.0,13.0,,,
1422,,18.0,,,,,10.0,9.0,,,
1423,,8.0,,,,,12.0,13.0,,,
1424,,8.0,,,,,6.0,10.0,,,
1425,,16.0,,,,,10.0,9.0,,,
1426,,14.0,,,,,12.0,5.0,,,
1427,,15.0,,,,,12.0,5.0,,,
1428,,6.0,,,,,7.0,8.0,,,
1429,,9.0,,,,,6.0,1.0,,,
1430,,11.0,,,,,6.0,1.0,,,
1431,,13.0,,,,,7.0,-1.0,,,
1432,,4.0,,,,,2.0,8.0,,,
1433,,3.0,,,,,14.0,2.0,,,
1434,,2.0,,,,,8.0,13.0,,,
1435,,6.0,,,,,10.0,8.0,,,
1436,,12.0,,,,,3.0,9.0,,,
1437,,9.0,,,,,17.0,6.0,,,
1438,,10.0,,,,,4.0,15.0,,,
1439,,15.0,,,,,4.0,1.0,,,
1440,,11.0,,,,,10.0,17.0,,,
1441,,13.0,,,,,15.0,5.0,,,
1442,,6.0,,,,,16.0,13.0,,,
1443,,11.0,,,,,2.0,17.0,,,
1444,,11.0,,,,,13.0,17.0,,,
1445,,14.0,,,,,10.0,6.0,,,
1446,,15.0,,,,,14.0,18.0,,,
1447,,2.0,,,,,12.0,1.0,,,
1448,,11.0,,,,,16.0,15.0,,,
1449,,10.0,,,,,5.0,10.0,,,
1450,,11.0,,,,,12.0,13.0,,,
1451,,15.0,,,,,5.0,7.0,,,
1452,,5.0,,,,,19.0,13.0,,,
1453,,11.0,,,,,14.0,7.0,,,
1454,,14.0,,,,,5.0,6.0,,,
1455,,6.0,,,,,6.0,5.0,,,
1456,,15.0,,,,,0.0,1.0,,,
1457,,7.0,,,,,15.0,19.0,,,
1458,,10.0,,,,,2.0,8.0,,,
1459,,10.0,,,,,5.0,1.0,,,
1460,,7.0,,,,,1.0,14.0,,,
1461,,2.0,,,,,8.0,3.0,,,
1462,,7.0,,,,,2.0,3.0,,,
1463,,10.0,,,,,12.0,12.0,,,
1464,,7.0,,,,,13.0,7.0,,,
1465,,7.0,,,,,8.0,10.0,,,
1466,,10.0,,,,,14.0,6.0,,,
1467,,7.0,,,,,4.0,5.0,,,
1468,,7.0,,,,,12.0,9.0,,,
1469,,5.0,,,,,2.0,18.0,,,
1470,,1.0,,,,,10.0,7.0,,,
1471,,10.0,,,,,10.0,6.0,,,
1472,,14.0,,,,,15.0,12.0,,,
1473,,9.0,,,,,2.0,8.0,,,
1474,,10.0,,,,,0.0,13.0,,,
1475,,13.0,,,,,2.0,1.0,,,
1476,,9.0,,,,,7.0,13.0,,,
1477,,9.0,,,,,1.0,8.0,,,
1478,,5.0,,,,,6.0,4.0,,,
1479,,6.0,,,,,11.0,4.0,,,
1480,,0.0,,,,,6.0,6.0,,,
1481,,5.0,,,,,2.0,17.0,,,
1482,,5.0,,,,,-1.0,12.0,,,
1483,,7.0,,,,,7.0,5.0,,,
1484,,6.0,,,,,12.0,13.0,,,
1485,,8.0,,,,,4.0,16.0,,,
1486,,17.0,,,,,16.0,4.0,,,
1487,,9.0,,,,,12.0,7.0,,,
1488,,11.0,,,,,19.0,22.0,,,
1489,,12.0,,,,,11.0,13.0,,,
1490,,8.0,,,,,5.0,18.0,,,
1491,,8.0,,,,,3.0,12.0,,,
1492,,7.0,,,,,11.0,3.0,,,
1493,,7.0,,,,,6.0,6.0,,,
1494,,4.0,,,,,6.0,13.0,,,
1495,,19.0,,,,,4.0,7.0,,,
1496,,12.0,,,,,4.0,7.0,,,
1497,,12.0,,,,,6.0,10.0,,,
1498,,6.0,,,,,2.0,8.0,,,
1499,,12.0,,,,,10.0,5.0,,,
1500,,17.0,,,,,9.0,3.0,,,
1501,,13.0,,,,,16.0,12.0,,,
1502,,10.0,,,,,5.0,0.0,,,
1503,,14.0,,,,,17.0,17.0,,,
1504,,4.0,,,,,16.0,5.0,,,
1505,,12.0,,,,,9.0,13.0,,,
1506,,6.0,,,,,15.0,13.0,,,
1507,,12.0,,,,,13.0,10.0,,,
1508,,13.0,,,,,4.0,3.0,,,
1509,,11.0,,,,,15.0,11.0,,,
1510,,5.0,,,,,16.0,8.0,,,
1511,,15.0,,,,,4.0,6.0,,,
1512,,13.0,,,,,5.0,16.0,,,
1513,,14.0,,,,,8.0,12.0,,,
1514,,8.0,,,,,18.0,10.0,,,
1515,,3.0,,,,,3.0,7.0,,,
1516,,4.0,,,,,12.0,7.0,,,
1517,,14.0,,,,,15.0,4.0,,,
1518,,16.0,,,,,13.0,13.0,,,
1519,,5.0,,,,,3.0,10.0,,,
1520,,13.0,,,,,15.0,4.0,,,
1521,,13.0,,,,,7.0,13.0,,,
1522,,7.0,,,,,7.0,3.0,,,
1523,,10.0,,,,,5.0,4.0,,,
1524,,11.0,,,,,6.0,21.0,,,
1525,,13.0,,,,,21.0,2.0,,,
1526,,13.0,,,,,4.0,12.0,,,
1527,,16.0,,,,,1.0,15.0,,,
1528,,13.0,,,,,2.0,17.0,,,
1529,,8.0,,,,,1.0,12.0,,,
1530,,13.0,,,,,8.0,11.0,,,
1531,,8.0,,,,,3.0,5.0,,,
1532,,10.0,,,,,3.0,16.0,,,
1533,,10.0,,,,,4.0,15.0,,,
1534,,5.0,,,,,10.0,13.0,,,
1535,,10.0,,,,,9.0,14.0,,,
1536,,10.0,,,,,8.0,13.0,,,
1537,,11.0,,,,,4.0,16.0,,,
1538,,13.0,,,,,3.0,1.0,,,
1539,,13.0,,,,,5.0,11.0,,,
1540,,14.0,,,,,4.0,15.0,,,
1541,,10.0,,,,,1.0,3.0,,,
1542,,7.0,,,,,1.0,9.0,,,
1543,,10.0,,,,,6.0,2.0,,,
1544,,5.0,,,,,2.0,15.0,,,
1545,,17.0,,,,,2.0,13.0,,,
1546,,6.0,,,,,6.0,9.0,,,
1547,,7.0,,,,,4.0,10.0,,,
1548,,9.0,,,,,9.0,12.0,,,
1549,,16.0,,,,,0.0,5.0,,,
1550,,10.0,,,,,5.0,11.0,,,
1551,,12.0,,,,,4.0,8.0,,,
1552,,13.0,,,,,1.0,10.0,,,
1553,,13.0,,,,,2.0,2.0,,,
1554,,2.0,,,,,2.0,4.0,,,
1555,,17.0,,,,,5.0,6.0,,,
1556,,18.0,,,,,9.0,8.0,,,
1557,,10.0,,,,,11.0,14.0,,,
1558,,8.0,,,,,1.0,2.0,,,
1559,,13.0,,,,,8.0,10.0,,,
1560,,9.0,,,,,6.0,5.0,,,
1561,,6.0,,,,,7.0,16.0,,,
1562,,6.0,,,,,1.0,4.0,,,
1563,,14.0,,,,,9.0,6.0,,,
1564,,16.0,,,,,10.0,6.0,,,
1565,,13.0,,,,,3.0,5.0,,,
1566,,8.0,,,,,9.0,8.0,,,
1567,,7.0,,,,,5.0,16.0,,,
1568,,14.0,,,,,6.0,12.0,,,
1569,,9.0,,,,,4.0,17.0,,,
1570,,4.0,,,,,1.0,9.0,,,
1571,,14.0,,,,,2.0,18.0,,,
1572,,18.0,,,,,0.0,13.0,,,
1573,,16.0,,,,,6.0,13.0,,,
1574,,13.0,,,,,2.0,16.0,,,
1575,,14.0,,,,,4.0,12.0,,,
1576,,9.0,,,,,7.0,7.0,,,
1577,,12.0,,,,,3.0,5.0,,,
1578,,11.0,,,,,0.0,11.0,,,
1579,,8.0,,,,,0.0,11.0,,,
1580,,5.0,,,,,1.0,11.0,,,
1581,,14.0,,,,,11.0,17.0,,,
1582,,14.0,,,,,3.0,1.0,,,
1583,,15.0,,,,,9.0,5.0,,,
1584,,1.0,,,,,3.0,10.0,,,
1585,,3.0,,,,,-1.0,12.0,,,
1586,,7.0,,,,,3.0,11.0,,,
1587,,6.0,,,,,4.0,10.0,,,
1588,,16.0,,,,,6.0,2.0,,,
1589,,2.0,,,,,7.0,15.0,,,
1590,,11.0,,,,,0.0,12.0,,,
1591,,9.0,,,,,2.0,3.0,,,
1592,,2.0,,,,,0.0,14.0,,,
1593,,7.0,,,,,1.0,8.0,,,
1594,,9.0,,,,,1.0,18.0,,,
1595,,13.0,,,,,3.0,21.0,,,
1596,,12.0,,,,,2.0,10.0,,,
1597,,13.0,,,,,6.0,13.0,,,
1598,,15.0,,,,,1.0,14.0,,,
1599,,9.0,,,,,8.0,6.0,,,
1600,,12.0,,,,,1.0,7.0,,,
1601,,16.0,,,,,2.0,13.0,,,
1602,,10.0,,,,,6.0,3.0,,,
1603,,11.0,,,,,11.0,18.0,,,
1604,,12.0,,,,,3.0,8.0,,,
1605,,14.0,,,,,3.0,18.0,,,
1606,,18.0,,,,,3.0,4.0,,,
1607,,11.0,,,,,0.0,4.0,,,
1608,,19.0,,,,,6.0,13.0,,,
1609,,6.0,,,,,0.0,6.0,,,
1610,,12.0,,,,,9.0,8.0,,,
1611,,14.0,,,,,6.0,4.0,,,
1612,,13.0,,,,,3.0,14.0,,,
1613,,8.0,,,,,8.0,4.0,,,
1614,,14.0,,,,,4.0,15.0,,,
1615,,5.0,,,,,9.0,9.0,,,
1616,,5.0,,,,,3.0,10.0,,,
1617,,13.0,,,,,4.0,9.0,,,
1618,,11.0,,,,,9.0,14.0,,,
1619,,15.0,,,,,10.0,8.0,,,
1620,,12.0,,,,,6.0,12.0,,,
1621,,5.0,,,,,8.0,4.0,,,
1622,,6.0,,,,,3.0,2.0,,,
1623,,13.0,,,,,2.0,0.0,,,
1624,,16.0,,,,,0.0,3.0,,,
1625,,22.0,,,,,-1.0,8.0,,,
1626,,12.0,,,,,3.0,10.0,,,
1627,,10.0,,,,,6.0,3.0,,,
1628,,14.0,,,,,8.0,7.0,,,
1629,,19.0,,,,,10.0,5.0,,,
1630,,5.0,,,,,-1.0,10.0,,,
1631,,15.0,,,,,4.0,3.0,,,
1632,,3.0,,,,,0.0,7.0,,,
1633,,14.0,,,,,1.0,7.0,,,
1634,,17.0,,,,,6.0,9.0,,,
1635,,3.0,,,,,5.0,10.0,,,
1636,,12.0,,,,,1.0,11.0,,,
1637,,15.0,,,,,3.0,13.0,,,
1638,,13.0,,,,,6.0,5.0,,,
1639,,6.0,,,,,1.0,7.0,,,
1640,,6.0,,,,,4.0,10.0,,,
1641,,17.0,,,,,1.0,3.0,,,
1642,,11.0,,,,,2.0,3.0,,,
1643,,17.0,,,,,3.0,13.0,,,
1644,,1.0,,,,,7.0,14.0,,,
1645,,12.0,,,,,3.0,17.0,,,
1646,,19.0,,,,,10.0,0.0,,,
1647,,12.0,,,,,6.0,6.0,,,
1648,,14.0,,,,,3.0,3.0,,,
1649,,15.0,,,,,3.0,7.0,,,
1650,,17.0,,,,,8.0,6.0,,,
1651,,12.0,,,,,1.0,16.0,,,
1652,,9.0,,,,,3.0,6.0,,,
1653,,16.0,,,,,5.0,12.0,,,
1654,,12.0,,,,,16.0,10.0,,,
1655,,18.0,,,,,9.0,2.0,,,
1656,,14.0,,,,,13.0,0.0,,,
1657,,10.0,,,,,10.0,3.0,,,
1658,,19.0,,,,,6.0,16.0,,,
1659,,8.0,,,,,8.0,1.0,,,
1660,,8.0,,,,,4.0,14.0,,,
1661,,13.0,,,,,9.0,12.0,,,
1662,,14.0,,,,,9.0,12.0,,,
1663,,15.0,,,,,0.0,7.0,,,
1664,,13.0,,,,,4.0,11.0,,,
1665,,13.0,,,,,17.0,11.0,,,
1666,,11.0,,,,,7.0,7.0,,,
1667,,14.0,,,,,0.0,10.0,,,
1668,,11.0,,,,,13.0,8.0,,,
1669,,11.0,,,,,9.0,18.0,,,
1670,,8.0,,,,,13.0,13.0,,,
1671,,13.0,,,,,3.0,5.0,,,
1672,,12.0,,,,,0.0,16.0,,,
1673,,4.0,,,,,1.0,4.0,,,
1674,,12.0,,,,,4.0,17.0,,,
1675,,18.0,,,,,0.0,4.0,,,
1676,,10.0,,,,,0.0,6.0,,,
1677,,1.0,,,,,1.0,18.0,,,
1678,,14.0,,,,,7.0,8.0,,,
1679,,10.0,,,,,2.0,7.0,,,
1680,,13.0,,,,,1.0,12.0,,,
1681,,15.0,,,,,8.0,10.0,,,
1682,,21.0,,,,,15.0,0.0,,,
1683,,16.0,,,,,11.0,12.0,,,
1684,,10.0,,,,,13.0,11.0,,,
1685,,11.0,,,,,2.0,7.0,,,
1686,,10.0,,,,,6.0,2.0,,,
1687,,10.0,,,,,10.0,13.0,,,
1688,,12.0,,,,,6.0,11.0,,,
1689,,11.0,,,,,16.0,10.0,,,
1690,,16.0,,,,,13.0,5.0,,,
1691,,9.0,,,,,10.0,4.0,,,
1692,,13.0,,,,,10.0,6.0,,,
1693,,16.0,,,,,8.0,4.0,,,
1694,,21.0,,,,,13.0,5.0,,,
1695,,9.0,,,,,11.0,14.0,,,
1696,,11.0,,,,,6.0,6.0,,,
1697,,12.0,,,,,2.0,12.0,,,
1698,,14.0,,,,,10.0,7.0,,,
1699,,5.0,,,,,14.0,5.0,,,
1700,,10.0,,,,,8.0,15.0,,,
1701,,14.0,,,,,4.0,4.0,,,
1702,,15.0,,,,,16.0,6.0,,,
1703,,9.0,,,,,14.0,2.0,,,
1704,,10.0,,,,,16.0,15.0,,,
1705,,5.0,,,,,8.0,9.0,,,
1706,,6.0,,,,,9.0,7.0,,,
1707,,12.0,,,,,4.0,9.0,,,
1708,,12.0,,,,,0.0,3.0,,,
1709,,4.0,,,,,3.0,-1.0,,,
1710,,15.0,,,,,6.0,11.0,,,
1711,,16.0,,,,,8.0,2.0,,,
1712,,9.0,,,,,1.0,1.0,,,
1713,,10.0,,,,,3.0,1.0,,,
1714,,9.0,,,,,9.0,3.0,,,
1715,,18.0,,,,,0.0,13.0,,,
1716,,6.0,,,,,0.0,13.0,,,
1717,,12.0,,,,,7.0,8.0,,,
1718,,20.0,,,,,0.0,11.0,,,
1719,,11.0,,,,,2.0,2.0,,,
1720,,7.0,,,,,2.0,10.0,,,
1721,,16.0,,,,,5.0,9.0,,,
1722,,13.0,,,,,4.0,7.0,,,
1723,,14.0,,,,,4.0,8.0,,,
1724,,15.0,,,,,4.0,12.0,,,
1725,,12.0,,,,,7.0,1.0,,,
1726,,5.0,,,,,14.0,13.0,,,
1727,,10.0,,,,,8.0,12.0,,,
1728,,7.0,,,,,6.0,17.0,,,
1729,,19.0,,,,,14.0,11.0,,,
1730,,17.0,,,,,12.0,2.0,,,
1731,,16.0,,,,,10.0,1.0,,,
1732,,13.0,,,,,10.0,14.0,,,
1733,,17.0,,,,,9.0,7.0,,,
1734,,8.0,,,,,16.0,1.0,,,
1735,,8.0,,,,,5.0,14.0,,,
1736,,8.0,,,,,5.0,3.0,,,
1737,,10.0,,,,,1.0,9.0,,,
1738,,22.0,,,,,5.0,7.0,,,
1739,,7.0,,,,,6.0,3.0,,,
1740,,7.0,,,,,4.0,10.0,,,
1741,,21.0,,,,,7.0,2.0,,,
1742,,15.0,,,,,7.0,7.0,,,
1743,,5.0,,,,,7.0,12.0,,,
1744,,9.0,,,,,1.0,10.0,,,
1745,,17.0,,,,,5.0,11.0,,,
1746,,3.0,,,,,1.0,10.0,,,
1747,,4.0,,,,,5.0,7.0,,,
1748,,9.0,,,,,3.0,17.0,,,
1749,,13.0,,,,,3.0,6.0,,,
1750,,15.0,,,,,6.0,17.0,,,
1751,,15.0,,,,,8.0,15.0,,,
1752,,12.0,,,,,13.0,1.0,,,
1753,,7.0,,,,,7.0,15.0,,,
1754,,4.0,,,,,6.0,6.0,,,
1755,,10.0,,,,,15.0,5.0,,,
1756,,16.0,,,,,2.0,8.0,,,
1757,,14.0,,,,,13.0,8.0,,,
1758,,17.0,,,,,3.0,10.0,,,
1759,,13.0,,,,,4.0,1.0,,,
1760,,15.0,,,,,9.0,4.0,,,
1761,,4.0,,,,,5.0,0.0,,,
1762,,10.0,,,,,17.0,11.0,,,
1763,,6.0,,,,,17.0,8.0,,,
1764,,12.0,,,,,2.0,15.0,,,
1765,,15.0,,,,,8.0,10.0,,,
1766,,8.0,,,,,13.0,7.0,,,
1767,,16.0,,,,,7.0,11.0,,,
1768,,10.0,,,,,-1.0,16.0,,,
1769,,13.0,,,,,10.0,6.0,,,
1770,,17.0,,,,,3.0,8.0,,,
1771,,17.0,,,,,9.0,2.0,,,
1772,,9.0,,,,,7.0,6.0,,,
1773,,13.0,,,,,10.0,12.0,,,
1774,,16.0,,,,,12.0,9.0,,,
1775,,12.0,,,,,10.0,14.0,,,
1776,,12.0,,,,,7.0,16.0,,,
1777,,10.0,,,,,4.0,14.0,,,
1778,,11.0,,,,,2.0,15.0,,,
1779,,9.0,,,,,11.0,1.0,,,
1780,,15.0,,,,,11.0,9.0,,,
1781,,13.0,,,,,6.0,11.0,,,
1782,,11.0,,,,,8.0,12.0,,,
1783,,10.0,,,,,12.0,8.0,,,
1784,,12.0,,,,,1.0,3.0,,,
1785,,12.0,,,,,18.0,6.0,,,
1786,,11.0,,,,,9.0,4.0,,,
1787,,10.0,,,,,3.0,1.0,,,
1788,,15.0,,,,,8.0,3.0,,,
1789,,13.0,,,,,0.0,13.0,,,
1790,,12.0,,,,,4.0,9.0,,,
1791,,16.0,,,,,5.0,17.0,,,
1792,,18.0,,,,,11.0,3.0,,,
1793,,17.0,,,,,4.0,4.0,,,
1794,,11.0,,,,,0.0,17.0,,,
1795,,12.0,,,,,4.0,5.0,,,
1796,,18.0,,,,,3.0,10.0,,,
1797,,13.0,,,,,4.0,0.0,,,
1798,,14.0,,,,,1.0,7.0,,,
1799,,6.0,,,,,11.0,9.0,,,
1800,,6.0,,,,,5.0,10.0,,,
1801,,14.0,,,,,10.0,16.0,,,
1802,,20.0,,,,,5.0,15.0,,,
1803,,14.0,,,,,5.0,11.0,,,
1804,,11.0,,,,,14.0,14.0,,,
1805,,15.0,,,,,11.0,12.0,,,
1806,,17.0,,,,,10.0,6.0,,,
1807,,15.0,,,,,15.0,4.0,,,
1808,,20.0,,,,,3.0,12.0,,,
1809,,11.0,,,,,4.0,1.0,,,
1810,,9.0,,,,,11.0,7.0,,,
1811,,11.0,,,,,3.0,13.0,,,
1812,,18.0,,,,,5.0,6.0,,,
1813,,14.0,,,,,5.0,15.0,,,
1814,,15.0,,,,,10.0,12.0,,,
1815,,12.0,,,,,2.0,14.0,,,
1816,,17.0,,,,,12.0,3.0,,,
1817,,13.0,,,,,17.0,10.0,,,
1818,,22.0,,,,,2.0,9.0,,,
1819,,18.0,,,,,10.0,18.0,,,
1820,,12.0,,,,,4.0,15.0,,,
1821,,3.0,,,,,2.0,11.0,,,
1822,,8.0,,,,,3.0,3.0,,,
1823,,20.0,,,,,15.0,16.0,,,
1824,,13.0,,,,,2.0,4.0,,,
1825,,8.0,,,,,6.0,14.0,,,
1826,,14.0,,,,,7.0,14.0,,,
1827,,17.0,,,,,11.0,12.0,,,
1828,,5.0,,,,,4.0,14.0,,,
1829,,7.0,,,,,2.0,9.0,,,
1830,,19.0,,,,,5.0,3.0,,,
1831,,10.0,,,,,3.0,17.0,,,
1832,,3.0,,,,,11.0,6.0,,,
1833,,6.0,,,,,9.0,14.0,,,
1834,,10.0,,,,,7.0,5.0,,,
1835,,9.0,,,,,5.0,9.0,,,
1836,,14.0,,,,,6.0,14.0,,,
1837,,6.0,,,,,8.0,7.0,,,
1838,,18.0,,,,,2.0,11.0,,,
1839,,8.0,,,,,14.0,8.0,,,
1840,,13.0,,,,,11.0,15.0,,,
1841,,2.0,,,,,4.0,15.0,,,
1842,,11.0,,,,,1.0,5.0,,,
1843,,13.0,,,,,-1.0,7.0,,,
1844,,13.0,,,,,1.0,11.0,,,
1845,,1.0,,,,,2.0,4.0,,,
1846,,9.0,,,,,0.0,3.0,,,
1847,,11.0,,,,,7.0,16.0,,,
1848,,11.0,,,,,8.0,9.0,,,
1849,,7.0,,,,,14.0,14.0,,,
1850,,8.0,,,,,14.0,4.0,,,
1851,,7.0,,,,,14.0,2.0,,,
1852,,6.0,,,,,5.0,2.0,,,
1853,,10.0,,,,,15.0,13.0,,,
1854,,3.0,,,,,9.0,14.0,,,
1855,,21.0,,,,,6.0,13.0,,,
1856,,18.0,,,,,15.0,6.0,,,
1857,,10.0,,,,,9.0,13.0,,,
1858,,9.0,,,,,5.0,6.0,,,
1859,,5.0,,,,,2.0,0.0,,,
1860,,14.0,,,,,4.0,4.0,,,
1861,,0.0,,,,,4.0,15.0,,,
1862,,12.0,,,,,0.0,9.0,,,
1863,,11.0,,,,,10.0,12.0,,,
1864,,6.0,,,,,9.0,8.0,,,
1865,,9.0,,,,,4.0,13.0,,,
1866,,17.0,,,,,0.0,4.0,,,
1867,,9.0,,,,,7.0,9.0,,,
1868,,8.0,,,,,5.0,12.0,,,
1869,,4.0,,,,,3.0,20.0,,,
1870,,12.0,,,,,8.0,14.0,,,
1871,,16.0,,,,,5.0,12.0,,,
1872,,6.0,,,,,10.0,9.0,,,
1873,,7.0,,,,,6.0,3.0,,,
1874,,11.0,,,,,16.0,7.0,,,
1875,,8.0,,,,,16.0,14.0,,,
1876,,17.0,,,,,18.0,2.0,,,
1877,,3.0,,,,,12.0,10.0,,,
1878,,11.0,,,,,8.0,15.0,,,
1879,,7.0,,,,,16.0,4.0,,,
1880,,4.0,,,,,13.0,17.0,,,
1881,,2.0,,,,,5.0,3.0,,,
1882,,3.0,,,,,13.0,8.0,,,
1883,,12.0,,,,,10.0,12.0,,,
1884,,10.0,,,,,16.0,15.0,,,
1885,,9.0,,,,,17.0,7.0,,,
1886,,10.0,,,,,8.0,-1.0,,,
1887,,6.0,,,,,10.0,8.0,,,
1888,,14.0,,,,,16.0,16.0,,,
1889,,8.0,,,,,12.0,8.0,,,
1890,,6.0,,,,,15.0,15.0,,,
1891,,1.0,,,,,13.0,7.0,,,
1892,,14.0,,,,,4.0,4.0,,,
1893,,8.0,,,,,3.0,17.0,,,
1894,,18.0,,,,,0.0,12.0,,,
1895,,23.0,,,,,11.0,10.0,,,
1896,,4.0,,,,,6.0,9.0,,,
1897,,13.0,,,,,1.0,7.0,,,
1898,,15.0,,,,,11.0,0.0,,,
1899,,11.0,,,,,12.0,5.0,,,
1900,,4.0,,,,,7.0,10.0,,,
1901,,16.0,,,,,10.0,4.0,,,
1902,,21.0,,,,,11.0,8.0,,,
1903,,0.0,,,,,13.0,1.0,,,
1904,,5.0,,,,,13.0,10.0,,,
1905,,13.0,,,,,17.0,8.0,,,
1906,,14.0,,,,,14.0,7.0,,,
1907,,13.0,,,,,13.0,16.0,,,
1908,,13.0,,,,,9.0,2.0,,,
1909,,17.0,,,,,8.0,11.0,,,
1910,,6.0,,,,,12.0,8.0,,,
1911,,19.0,,,,,4.0,5.0,,,
1912,,14.0,,,,,3.0,9.0,,,
1913,,13.0,,,,,13.0,3.0,,,
1914,,9.0,,,,,11.0,14.0,,,
1915,,17.0,,,,,8.0,7.0,,,
1916,,13.0,,,,,9.0,6.0,,,
1917,,10.0,,,,,7.0,6.0,,,
1918,,13.0,,,,,6.0,5.0,,,
1919,,9.0,,,,,10.0,13.0,,,
1920,,18.0,,,,,7.0,10.0,,,
1921,,14.0,,,,,10.0,8.0,,,
1922,,12.0,,,,,1.0,9.0,,,
1923,,10.0,,,,,11.0,5.0,,,
1924,,9.0,,,,,9.0,15.0,,,
1925,,12.0,,,,,10.0,14.0,,,
1926,,8.0,,,,,16.0,6.0,,,
1927,,13.0,,,,,2.0,8.0,,,
1928,,12.0,,,,,16.0,10.0,,,
1929,,15.0,,,,,15.0,11.0,,,
1930,,6.0,,,,,5.0,3.0,,,
1931,,9.0,,,,,8.0,6.0,,,
1932,,12.0,,,,,7.0,11.0,,,
1933,,6.0,,,,,8.0,9.0,,,
1934,,13.0,,,,,5.0,0.0,,,
1935,,7.0,,,,,7.0,10.0,,,
1936,,9.0,,,,,9.0,2.0,,,
1937,,15.0,,,,,9.0,15.0,,,
1938,,3.0,,,,,7.0,8.0,,,
1939,,17.0,,,,,13.0,9.0,,,
1940,,13.0,,,,,16.0,13.0,,,
1941,,18.0,,,,,16.0,9.0,,,
1942,,13.0,,,,,3.0,14.0,,,
1943,,6.0,,,,,1.0,9.0,,,
1944,,17.0,,,,,6.0,18.0,,,
1945,,7.0,,,,,3.0,10.0,,,
1946,,10.0,,,,,9.0,3.0,,,
1947,,12.0,,,,,7.0,14.0,,,
1948,,12.0,,,,,0.0,12.0,,,
1949,,6.0,,,,,8.0,9.0,,,
1950,,8.0,,,,,3.0,14.0,,,
1951,,1.0,,,,,13.0,6.0,,,
1952,,16.0,,,,,5.0,12.0,,,
1953,,13.0,,,,,4.0,4.0,,,
1954,,11.0,,,,,2.0,8.0,,,
1955,,14.0,,,,,3.0,10.0,,,
1956,,9.0,,,,,1.0,13.0,,,
1957,,14.0,,,,,12.0,12.0,,,
1958,,9.0,,,,,5.0,1.0,,,
1959,,6.0,,,,,9.0,14.0,,,
1960,,3.0,,,,,8.0,17.0,,,
1961,,7.0,,,,,8.0,11.0,,,
1962,,14.0,,,,,5.0,11.0,,,
1963,,7.0,,,,,4.0,11.0,,,
1964,,14.0,,,,,3.0,12.0,,,
1965,,14.0,,,,,11.0,17.0,,,
1966,,17.0,,,,,3.0,1.0,,,
1967,,7.0,,,,,0.0,11.0,,,
1968,,8.0,,,,,1.0,13.0,,,
1969,,5.0,,,,,10.0,14.0,,,
1970,,14.0,,,,,3.0,8.0,,,
1971,,13.0,,,,,15.0,10.0,,,
1972,,6.0,,,,,10.0,8.0,,,
1973,,5.0,,,,,10.0,0.0,,,
1974,,15.0,,,,,11.0,14.0,,,
1975,,17.0,,,,,5.0,16.0,,,
1976,,6.0,,,,,14.0,12.0,,,
1977,,13.0,,,,,7.0,10.0,,,
1978,,12.0,,,,,9.0,10.0,,,
1979,,7.0,,,,,2.0,14.0,,,
1980,,12.0,,,,,7.0,12.0,,,
1981,,17.0,,,,,9.0,0.0,,,
1982,,11.0,,,,,10.0,1.0,,,
1983,,7.0,,,,,12.0,14.0,,,
1984,,8.0,,,,,10.0,15.0,,,
1985,,11.0,,,,,7.0,13.0,,,
1986,,13.0,,,,,9.0,5.0,,,
1987,,11.0,,,,,12.0,15.0,,,
1988,,16.0,,,,,5.0,13.0,,,
1989,,14.0,,,,,9.0,12.0,,,
1990,,14.0,,,,,4.0,9.0,,,
1991,,18.0,,,,,6.0,3.0,,,
1992,,7.0,,,,,11.0,10.0,,,
1993,,15.0,,,,,13.0,6.0,,,
1994,,9.0,,,,,8.0,17.0,,,
1995,,17.0,,,,,0.0,5.0,,,
1996,,13.0,,,,,2.0,9.0,,,
1997,,5.0,,,,,6.0,0.0,,,
1998,,9.0,,,,,12.0,4.0,,,
1999,,6.0,,,,,8.0,17.0,,,
